This is XeTeX, Version 3.141592653-2.6-0.999997 (TeX Live 2025/Homebrew) (preloaded format=xelatex 2025.11.7)  13 FEB 2026 05:44
entering extended mode
 restricted \write18 enabled.
 file:line:error style messages enabled.
 %&-line parsing enabled.
**report.tex
(./report.tex
LaTeX2e <2024-11-01> patch level 2
L3 programming layer <2025-01-18>

(/opt/homebrew/Cellar/texlive/20250308_2/share/texmf-dist/tex/latex/ieeetran/IE
EEtran.cls
Document Class: IEEEtran 2015/08/26 V1.8b by Michael Shell
-- See the "IEEEtran_HOWTO" manual for usage information.
-- http://www.michaelshell.org/tex/ieeetran/
\@IEEEtrantmpdimenA=\dimen141
\@IEEEtrantmpdimenB=\dimen142
\@IEEEtrantmpdimenC=\dimen143
\@IEEEtrantmpcountA=\count192
\@IEEEtrantmpcountB=\count193
\@IEEEtrantmpcountC=\count194
\@IEEEtrantmptoksA=\toks17
LaTeX Font Info:    Trying to load font information for TU+ptm on input line 50
3.
LaTeX Font Info:    No file TUptm.fd. on input line 503.

LaTeX Font Warning: Font shape `TU/ptm/m/n' undefined
(Font)              using `TU/lmr/m/n' instead on input line 503.

-- Using 8.5in x 11in (letter) paper.
-- Using DVI output.
\@IEEEnormalsizeunitybaselineskip=\dimen144
-- This is a 10 point document.
\CLASSINFOnormalsizebaselineskip=\dimen145
\CLASSINFOnormalsizeunitybaselineskip=\dimen146
\IEEEnormaljot=\dimen147

LaTeX Font Warning: Font shape `TU/ptm/bx/n' undefined
(Font)              using `TU/ptm/m/n' instead on input line 1090.


LaTeX Font Warning: Font shape `TU/ptm/m/it' undefined
(Font)              using `TU/ptm/m/n' instead on input line 1090.


LaTeX Font Warning: Font shape `TU/ptm/bx/it' undefined
(Font)              using `TU/ptm/bx/n' instead on input line 1090.

\IEEEquantizedlength=\dimen148
\IEEEquantizedlengthdiff=\dimen149
\IEEEquantizedtextheightdiff=\dimen150
\IEEEilabelindentA=\dimen151
\IEEEilabelindentB=\dimen152
\IEEEilabelindent=\dimen153
\IEEEelabelindent=\dimen154
\IEEEdlabelindent=\dimen155
\IEEElabelindent=\dimen156
\IEEEiednormlabelsep=\dimen157
\IEEEiedmathlabelsep=\dimen158
\IEEEiedtopsep=\skip49
\c@section=\count195
\c@subsection=\count196
\c@subsubsection=\count197
\c@paragraph=\count198
\c@IEEEsubequation=\count199
\abovecaptionskip=\skip50
\belowcaptionskip=\skip51
\c@figure=\count266
\c@table=\count267
\@IEEEeqnnumcols=\count268
\@IEEEeqncolcnt=\count269
\@IEEEsubeqnnumrollback=\count270
\@IEEEquantizeheightA=\dimen159
\@IEEEquantizeheightB=\dimen160
\@IEEEquantizeheightC=\dimen161
\@IEEEquantizeprevdepth=\dimen162
\@IEEEquantizemultiple=\count271
\@IEEEquantizeboxA=\box52
\@IEEEtmpitemindent=\dimen163
\IEEEPARstartletwidth=\dimen164
\c@IEEEbiography=\count272
\@IEEEtranrubishbin=\box53
)
(/opt/homebrew/Cellar/texlive/20250308_2/share/texmf-dist/tex/latex/base/inpute
nc.sty
Package: inputenc 2024/02/08 v1.3d Input encoding file
\inpenc@prehook=\toks18
\inpenc@posthook=\toks19


Package inputenc Warning: inputenc package ignored with utf8 based engines.

)
(/opt/homebrew/Cellar/texlive/20250308_2/share/texmf-dist/tex/latex/graphics/gr
aphicx.sty
Package: graphicx 2021/09/16 v1.2d Enhanced LaTeX Graphics (DPC,SPQR)

(/opt/homebrew/Cellar/texlive/20250308_2/share/texmf-dist/tex/latex/graphics/ke
yval.sty
Package: keyval 2022/05/29 v1.15 key=value parser (DPC)
\KV@toks@=\toks20
)
(/opt/homebrew/Cellar/texlive/20250308_2/share/texmf-dist/tex/latex/graphics/gr
aphics.sty
Package: graphics 2024/08/06 v1.4g Standard LaTeX Graphics (DPC,SPQR)

(/opt/homebrew/Cellar/texlive/20250308_2/share/texmf-dist/tex/latex/graphics/tr
ig.sty
Package: trig 2023/12/02 v1.11 sin cos tan (DPC)
)
(/opt/homebrew/Cellar/texlive/20250308_2/share/texmf-dist/tex/latex/graphics-cf
g/graphics.cfg
File: graphics.cfg 2016/06/04 v1.11 sample graphics configuration
)
Package graphics Info: Driver file: xetex.def on input line 106.

(/opt/homebrew/Cellar/texlive/20250308_2/share/texmf-dist/tex/latex/graphics-de
f/xetex.def
File: xetex.def 2022/09/22 v5.0n Graphics/color driver for xetex
))
\Gin@req@height=\dimen165
\Gin@req@width=\dimen166
)
(/opt/homebrew/Cellar/texlive/20250308_2/share/texmf-dist/tex/latex/amsmath/ams
math.sty
Package: amsmath 2024/11/05 v2.17t AMS math features
\@mathmargin=\skip52

For additional information on amsmath, use the `?' option.

(/opt/homebrew/Cellar/texlive/20250308_2/share/texmf-dist/tex/latex/amsmath/ams
text.sty
Package: amstext 2021/08/26 v2.01 AMS text

(/opt/homebrew/Cellar/texlive/20250308_2/share/texmf-dist/tex/latex/amsmath/ams
gen.sty
File: amsgen.sty 1999/11/30 v2.0 generic functions
\@emptytoks=\toks21
\ex@=\dimen167
))
(/opt/homebrew/Cellar/texlive/20250308_2/share/texmf-dist/tex/latex/amsmath/ams
bsy.sty
Package: amsbsy 1999/11/29 v1.2d Bold Symbols
\pmbraise@=\dimen168
)
(/opt/homebrew/Cellar/texlive/20250308_2/share/texmf-dist/tex/latex/amsmath/ams
opn.sty
Package: amsopn 2022/04/08 v2.04 operator names
)
\inf@bad=\count273
LaTeX Info: Redefining \frac on input line 233.
\uproot@=\count274
\leftroot@=\count275
LaTeX Info: Redefining \overline on input line 398.
LaTeX Info: Redefining \colon on input line 409.
\classnum@=\count276
\DOTSCASE@=\count277
LaTeX Info: Redefining \ldots on input line 495.
LaTeX Info: Redefining \dots on input line 498.
LaTeX Info: Redefining \cdots on input line 619.
\Mathstrutbox@=\box54
\strutbox@=\box55
LaTeX Info: Redefining \big on input line 721.
LaTeX Info: Redefining \Big on input line 722.
LaTeX Info: Redefining \bigg on input line 723.
LaTeX Info: Redefining \Bigg on input line 724.
\big@size=\dimen169
LaTeX Font Info:    Redeclaring font encoding OML on input line 742.
LaTeX Font Info:    Redeclaring font encoding OMS on input line 743.
\macc@depth=\count278
LaTeX Info: Redefining \bmod on input line 904.
LaTeX Info: Redefining \pmod on input line 909.
LaTeX Info: Redefining \smash on input line 939.
LaTeX Info: Redefining \relbar on input line 969.
LaTeX Info: Redefining \Relbar on input line 970.
\c@MaxMatrixCols=\count279
\dotsspace@=\muskip17
\c@parentequation=\count280
\dspbrk@lvl=\count281
\tag@help=\toks22
\row@=\count282
\column@=\count283
\maxfields@=\count284
\andhelp@=\toks23
\eqnshift@=\dimen170
\alignsep@=\dimen171
\tagshift@=\dimen172
\tagwidth@=\dimen173
\totwidth@=\dimen174
\lineht@=\dimen175
\@envbody=\toks24
\multlinegap=\skip53
\multlinetaggap=\skip54
\mathdisplay@stack=\toks25
LaTeX Info: Redefining \[ on input line 2953.
LaTeX Info: Redefining \] on input line 2954.
)
(/opt/homebrew/Cellar/texlive/20250308_2/share/texmf-dist/tex/latex/amsfonts/am
ssymb.sty
Package: amssymb 2013/01/14 v3.01 AMS font symbols

(/opt/homebrew/Cellar/texlive/20250308_2/share/texmf-dist/tex/latex/amsfonts/am
sfonts.sty
Package: amsfonts 2013/01/14 v3.01 Basic AMSFonts support
\symAMSa=\mathgroup4
\symAMSb=\mathgroup5
LaTeX Font Info:    Redeclaring math symbol \hbar on input line 98.
LaTeX Font Info:    Overwriting math alphabet `\mathfrak' in version `bold'
(Font)                  U/euf/m/n --> U/euf/b/n on input line 106.
))
(/opt/homebrew/Cellar/texlive/20250308_2/share/texmf-dist/tex/latex/booktabs/bo
oktabs.sty
Package: booktabs 2020/01/12 v1.61803398 Publication quality tables
\heavyrulewidth=\dimen176
\lightrulewidth=\dimen177
\cmidrulewidth=\dimen178
\belowrulesep=\dimen179
\belowbottomsep=\dimen180
\aboverulesep=\dimen181
\abovetopsep=\dimen182
\cmidrulesep=\dimen183
\cmidrulekern=\dimen184
\defaultaddspace=\dimen185
\@cmidla=\count285
\@cmidlb=\count286
\@aboverulesep=\dimen186
\@belowrulesep=\dimen187
\@thisruleclass=\count287
\@lastruleclass=\count288
\@thisrulewidth=\dimen188
)
(/opt/homebrew/Cellar/texlive/20250308_2/share/texmf-dist/tex/latex/hyperref/hy
perref.sty
Package: hyperref 2024-11-05 v7.01l Hypertext links for LaTeX

(/opt/homebrew/Cellar/texlive/20250308_2/share/texmf-dist/tex/generic/iftex/ift
ex.sty
Package: iftex 2024/12/12 v1.0g TeX engine tests
)
(/opt/homebrew/Cellar/texlive/20250308_2/share/texmf-dist/tex/latex/kvsetkeys/k
vsetkeys.sty
Package: kvsetkeys 2022-10-05 v1.19 Key value parser (HO)
)
(/opt/homebrew/Cellar/texlive/20250308_2/share/texmf-dist/tex/generic/kvdefinek
eys/kvdefinekeys.sty
Package: kvdefinekeys 2019-12-19 v1.6 Define keys (HO)
)
(/opt/homebrew/Cellar/texlive/20250308_2/share/texmf-dist/tex/generic/pdfescape
/pdfescape.sty
Package: pdfescape 2019/12/09 v1.15 Implements pdfTeX's escape features (HO)

(/opt/homebrew/Cellar/texlive/20250308_2/share/texmf-dist/tex/generic/ltxcmds/l
txcmds.sty
Package: ltxcmds 2023-12-04 v1.26 LaTeX kernel commands for general use (HO)
)
(/opt/homebrew/Cellar/texlive/20250308_2/share/texmf-dist/tex/generic/pdftexcmd
s/pdftexcmds.sty
Package: pdftexcmds 2020-06-27 v0.33 Utility functions of pdfTeX for LuaTeX (HO
)

(/opt/homebrew/Cellar/texlive/20250308_2/share/texmf-dist/tex/generic/infwarerr
/infwarerr.sty
Package: infwarerr 2019/12/03 v1.5 Providing info/warning/error messages (HO)
)
Package pdftexcmds Info: \pdf@primitive is available.
Package pdftexcmds Info: \pdf@ifprimitive is available.
Package pdftexcmds Info: \pdfdraftmode not found.
))
(/opt/homebrew/Cellar/texlive/20250308_2/share/texmf-dist/tex/latex/hycolor/hyc
olor.sty
Package: hycolor 2020-01-27 v1.10 Color options for hyperref/bookmark (HO)
)
(/opt/homebrew/Cellar/texlive/20250308_2/share/texmf-dist/tex/latex/hyperref/na
meref.sty
Package: nameref 2023-11-26 v2.56 Cross-referencing by name of section

(/opt/homebrew/Cellar/texlive/20250308_2/share/texmf-dist/tex/latex/refcount/re
fcount.sty
Package: refcount 2019/12/15 v3.6 Data extraction from label references (HO)
)
(/opt/homebrew/Cellar/texlive/20250308_2/share/texmf-dist/tex/generic/gettitles
tring/gettitlestring.sty
Package: gettitlestring 2019/12/15 v1.6 Cleanup title references (HO)

(/opt/homebrew/Cellar/texlive/20250308_2/share/texmf-dist/tex/latex/kvoptions/k
voptions.sty
Package: kvoptions 2022-06-15 v3.15 Key value format for package options (HO)
))
\c@section@level=\count289
)
(/opt/homebrew/Cellar/texlive/20250308_2/share/texmf-dist/tex/latex/etoolbox/et
oolbox.sty
Package: etoolbox 2025/02/11 v2.5l e-TeX tools for LaTeX (JAW)
\etb@tempcnta=\count290
)
(/opt/homebrew/Cellar/texlive/20250308_2/share/texmf-dist/tex/generic/stringenc
/stringenc.sty
Package: stringenc 2019/11/29 v1.12 Convert strings between diff. encodings (HO
)
)
\@linkdim=\dimen189
\Hy@linkcounter=\count291
\Hy@pagecounter=\count292

(/opt/homebrew/Cellar/texlive/20250308_2/share/texmf-dist/tex/latex/hyperref/pd
1enc.def
File: pd1enc.def 2024-11-05 v7.01l Hyperref: PDFDocEncoding definition (HO)
)
(/opt/homebrew/Cellar/texlive/20250308_2/share/texmf-dist/tex/generic/intcalc/i
ntcalc.sty
Package: intcalc 2019/12/15 v1.3 Expandable calculations with integers (HO)
)
\Hy@SavedSpaceFactor=\count293

(/opt/homebrew/Cellar/texlive/20250308_2/share/texmf-dist/tex/latex/hyperref/pu
enc.def
File: puenc.def 2024-11-05 v7.01l Hyperref: PDF Unicode definition (HO)
)
Package hyperref Info: Hyper figures OFF on input line 4157.
Package hyperref Info: Link nesting OFF on input line 4162.
Package hyperref Info: Hyper index ON on input line 4165.
Package hyperref Info: Plain pages OFF on input line 4172.
Package hyperref Info: Backreferencing OFF on input line 4177.
Package hyperref Info: Implicit mode ON; LaTeX internals redefined.
Package hyperref Info: Bookmarks ON on input line 4424.
\c@Hy@tempcnt=\count294

(/opt/homebrew/Cellar/texlive/20250308_2/share/texmf-dist/tex/latex/url/url.sty
\Urlmuskip=\muskip18
Package: url 2013/09/16  ver 3.4  Verb mode for urls, etc.
)
LaTeX Info: Redefining \url on input line 4763.
\XeTeXLinkMargin=\dimen190

(/opt/homebrew/Cellar/texlive/20250308_2/share/texmf-dist/tex/generic/bitset/bi
tset.sty
Package: bitset 2019/12/09 v1.3 Handle bit-vector datatype (HO)

(/opt/homebrew/Cellar/texlive/20250308_2/share/texmf-dist/tex/generic/bigintcal
c/bigintcalc.sty
Package: bigintcalc 2019/12/15 v1.5 Expandable calculations on big integers (HO
)
))
\Fld@menulength=\count295
\Field@Width=\dimen191
\Fld@charsize=\dimen192
Package hyperref Info: Hyper figures OFF on input line 6042.
Package hyperref Info: Link nesting OFF on input line 6047.
Package hyperref Info: Hyper index ON on input line 6050.
Package hyperref Info: backreferencing OFF on input line 6057.
Package hyperref Info: Link coloring OFF on input line 6062.
Package hyperref Info: Link coloring with OCG OFF on input line 6067.
Package hyperref Info: PDF/A mode OFF on input line 6072.

(/opt/homebrew/Cellar/texlive/20250308_2/share/texmf-dist/tex/latex/base/atbegs
hi-ltx.sty
Package: atbegshi-ltx 2021/01/10 v1.0c Emulation of the original atbegshi
package with kernel methods
)
\Hy@abspage=\count296
\c@Item=\count297
\c@Hfootnote=\count298
)
Package hyperref Info: Driver (autodetected): hxetex.

(/opt/homebrew/Cellar/texlive/20250308_2/share/texmf-dist/tex/latex/hyperref/hx
etex.def
File: hxetex.def 2024-11-05 v7.01l Hyperref driver for XeTeX
\pdfm@box=\box56
\c@Hy@AnnotLevel=\count299
\HyField@AnnotCount=\count300
\Fld@listcount=\count301
\c@bookmark@seq@number=\count302

(/opt/homebrew/Cellar/texlive/20250308_2/share/texmf-dist/tex/latex/rerunfilech
eck/rerunfilecheck.sty
Package: rerunfilecheck 2022-07-10 v1.10 Rerun checks for auxiliary files (HO)

(/opt/homebrew/Cellar/texlive/20250308_2/share/texmf-dist/tex/latex/base/atvery
end-ltx.sty
Package: atveryend-ltx 2020/08/19 v1.0a Emulation of the original atveryend pac
kage
with kernel methods
)
(/opt/homebrew/Cellar/texlive/20250308_2/share/texmf-dist/tex/generic/uniquecou
nter/uniquecounter.sty
Package: uniquecounter 2019/12/15 v1.4 Provide unlimited unique counter (HO)
)
Package uniquecounter Info: New unique counter `rerunfilecheck' on input line 2
85.
)
\Hy@SectionHShift=\skip55
)
(/opt/homebrew/Cellar/texlive/20250308_2/share/texmf-dist/tex/latex/cite/cite.s
ty
LaTeX Info: Redefining \cite on input line 302.
LaTeX Info: Redefining \nocite on input line 332.
Package: cite 2015/02/27  v 5.5
)
(/opt/homebrew/Cellar/texlive/20250308_2/share/texmf-dist/tex/latex/multirow/mu
ltirow.sty
Package: multirow 2024/11/12 v2.9 Span multiple rows of a table
\multirow@colwidth=\skip56
\multirow@cntb=\count303
\multirow@dima=\skip57
\bigstrutjot=\dimen193
)
(/opt/homebrew/Cellar/texlive/20250308_2/share/texmf-dist/tex/latex/siunitx/siu
nitx.sty
Package: siunitx 2025-02-27 v3.4.6 A comprehensive (SI) units package
\l__siunitx_number_uncert_offset_int=\count304
\l__siunitx_number_exponent_fixed_int=\count305
\l__siunitx_number_min_decimal_int=\count306
\l__siunitx_number_min_integer_int=\count307
\l__siunitx_number_round_precision_int=\count308
\l__siunitx_number_lower_threshold_int=\count309
\l__siunitx_number_upper_threshold_int=\count310
\l__siunitx_number_group_first_int=\count311
\l__siunitx_number_group_size_int=\count312
\l__siunitx_number_group_minimum_int=\count313
\l__siunitx_angle_tmp_dim=\dimen194
\l__siunitx_angle_marker_box=\box57
\l__siunitx_angle_unit_box=\box58
\l__siunitx_compound_count_int=\count314

(/opt/homebrew/Cellar/texlive/20250308_2/share/texmf-dist/tex/latex/translation
s/translations.sty
Package: translations 2022/02/05 v1.12 internationalization of LaTeX2e packages
 (CN)
)
\l__siunitx_table_tmp_box=\box59
\l__siunitx_table_tmp_dim=\dimen195
\l__siunitx_table_column_width_dim=\dimen196
\l__siunitx_table_integer_box=\box60
\l__siunitx_table_decimal_box=\box61
\l__siunitx_table_uncert_box=\box62
\l__siunitx_table_before_box=\box63
\l__siunitx_table_after_box=\box64
\l__siunitx_table_before_dim=\dimen197
\l__siunitx_table_carry_dim=\dimen198
\l__siunitx_unit_tmp_int=\count315
\l__siunitx_unit_position_int=\count316
\l__siunitx_unit_total_int=\count317

(/opt/homebrew/Cellar/texlive/20250308_2/share/texmf-dist/tex/latex/tools/array
.sty
Package: array 2024/10/17 v2.6g Tabular extension package (FMi)
\col@sep=\dimen199
\ar@mcellbox=\box65
\extrarowheight=\dimen256
\NC@list=\toks26
\extratabsurround=\skip58
\backup@length=\skip59
\ar@cellbox=\box66
))
(/opt/homebrew/Cellar/texlive/20250308_2/share/texmf-dist/tex/latex/float/float
.sty
Package: float 2001/11/08 v1.3d Float enhancements (AL)
\c@float@type=\count318
\float@exts=\toks27
\float@box=\box67
\@float@everytoks=\toks28
\@floatcapt=\box68
)
(/opt/homebrew/Cellar/texlive/20250308_2/share/texmf-dist/tex/latex/caption/cap
tion.sty
Package: caption 2023/08/05 v3.6o Customizing captions (AR)

(/opt/homebrew/Cellar/texlive/20250308_2/share/texmf-dist/tex/latex/caption/cap
tion3.sty
Package: caption3 2023/07/31 v2.4d caption3 kernel (AR)
\caption@tempdima=\dimen257
\captionmargin=\dimen258
\caption@leftmargin=\dimen259
\caption@rightmargin=\dimen260
\caption@width=\dimen261
\caption@indent=\dimen262
\caption@parindent=\dimen263
\caption@hangindent=\dimen264
Package caption Info: Unknown document class (or package),
(caption)             standard defaults will be used.
Package caption Info: \@makecaption = \long macro:#1#2->\ifx \@captype \@IEEEta
blestring \footnotesize \bgroup \par \centering \@IEEEtabletopskipstrut {\norma
lfont \footnotesize #1}\\{\normalfont \footnotesize \scshape #2}\par \addvspace
 {0.5\baselineskip }\egroup \@IEEEtablecaptionsepspace \else \@IEEEfigurecaptio
nsepspace \setbox \@tempboxa \hbox {\normalfont \footnotesize {#1.}\nobreakspac
e \nobreakspace #2}\ifdim \wd \@tempboxa >\hsize \setbox \@tempboxa \hbox {\nor
malfont \footnotesize {#1.}\nobreakspace \nobreakspace }\parbox [t]{\hsize }{\n
ormalfont \footnotesize \noindent \unhbox \@tempboxa #2}\else \ifCLASSOPTIONcon
ference \hbox to\hsize {\normalfont \footnotesize \hfil \box \@tempboxa \hfil }
\else \hbox to\hsize {\normalfont \footnotesize \box \@tempboxa \hfil }\fi \fi 
\fi  on input line 1175.
)

Package caption Warning: Unknown document class (or package),
(caption)                standard defaults will be used.
See the caption package documentation for explanation.

\c@caption@flags=\count319
\c@continuedfloat=\count320
Package caption Info: float package is loaded.
Package caption Info: hyperref package is loaded.
)
(/opt/homebrew/Cellar/texlive/20250308_2/share/texmf-dist/tex/latex/caption/sub
caption.sty
Package: subcaption 2023/07/28 v1.6b Sub-captions (AR)
Package caption Info: New subtype `subfigure' on input line 238.
\c@subfigure=\count321
Package caption Info: New subtype `subtable' on input line 238.
\c@subtable=\count322
)
(/opt/homebrew/Cellar/texlive/20250308_2/share/texmf-dist/tex/latex/algorithms/
algorithm.sty
Invalid UTF-8 byte or sequence at line 11 replaced by U+FFFD.
Package: algorithm 2009/08/24 v0.1 Document Style `algorithm' - floating enviro
nment

(/opt/homebrew/Cellar/texlive/20250308_2/share/texmf-dist/tex/latex/base/ifthen
.sty
Package: ifthen 2024/03/16 v1.1e Standard LaTeX ifthen package (DPC)
)
\@float@every@algorithm=\toks29
\c@algorithm=\count323
)
(/opt/homebrew/Cellar/texlive/20250308_2/share/texmf-dist/tex/latex/algorithmic
x/algpseudocode.sty
Package: algpseudocode 

(/opt/homebrew/Cellar/texlive/20250308_2/share/texmf-dist/tex/latex/algorithmic
x/algorithmicx.sty
Package: algorithmicx 2005/04/27 v1.2 Algorithmicx

Document Style algorithmicx 1.2 - a greatly improved `algorithmic' style
\c@ALG@line=\count324
\c@ALG@rem=\count325
\c@ALG@nested=\count326
\ALG@tlm=\skip60
\ALG@thistlm=\skip61
\c@ALG@Lnr=\count327
\c@ALG@blocknr=\count328
\c@ALG@storecount=\count329
\c@ALG@tmpcounter=\count330
\ALG@tmplength=\skip62
)
Document Style - pseudocode environments for use with the `algorithmicx' style
)
(/opt/homebrew/Cellar/texlive/20250308_2/share/texmf-dist/tex/latex/listings/li
stings.sty
\lst@mode=\count331
\lst@gtempboxa=\box69
\lst@token=\toks30
\lst@length=\count332
\lst@currlwidth=\dimen265
\lst@column=\count333
\lst@pos=\count334
\lst@lostspace=\dimen266
\lst@width=\dimen267
\lst@newlines=\count335
\lst@lineno=\count336
\lst@maxwidth=\dimen268

(/opt/homebrew/Cellar/texlive/20250308_2/share/texmf-dist/tex/latex/listings/ls
tpatch.sty
File: lstpatch.sty 2024/09/23 1.10c (Carsten Heinz)
)
(/opt/homebrew/Cellar/texlive/20250308_2/share/texmf-dist/tex/latex/listings/ls
tmisc.sty
File: lstmisc.sty 2024/09/23 1.10c (Carsten Heinz)
\c@lstnumber=\count337
\lst@skipnumbers=\count338
\lst@framebox=\box70
)
(/opt/homebrew/Cellar/texlive/20250308_2/share/texmf-dist/tex/latex/listings/li
stings.cfg
File: listings.cfg 2024/09/23 1.10c listings configuration
))
Package: listings 2024/09/23 1.10c (Carsten Heinz)

(/opt/homebrew/Cellar/texlive/20250308_2/share/texmf-dist/tex/latex/xcolor/xcol
or.sty
Package: xcolor 2024/09/29 v3.02 LaTeX color extensions (UK)

(/opt/homebrew/Cellar/texlive/20250308_2/share/texmf-dist/tex/latex/graphics-cf
g/color.cfg
File: color.cfg 2016/01/02 v1.6 sample color configuration
)
Package xcolor Info: Driver file: xetex.def on input line 274.

(/opt/homebrew/Cellar/texlive/20250308_2/share/texmf-dist/tex/latex/graphics/ma
thcolor.ltx)
Package xcolor Info: Model `cmy' substituted by `cmy0' on input line 1349.
Package xcolor Info: Model `RGB' extended on input line 1365.
Package xcolor Info: Model `HTML' substituted by `rgb' on input line 1367.
Package xcolor Info: Model `Hsb' substituted by `hsb' on input line 1368.
Package xcolor Info: Model `tHsb' substituted by `hsb' on input line 1369.
Package xcolor Info: Model `HSB' substituted by `hsb' on input line 1370.
Package xcolor Info: Model `Gray' substituted by `gray' on input line 1371.
Package xcolor Info: Model `wave' substituted by `hsb' on input line 1372.
)
(/opt/homebrew/Cellar/texlive/20250308_2/share/texmf-dist/tex/latex/geometry/ge
ometry.sty
Package: geometry 2020/01/02 v5.9 Page Geometry

(/opt/homebrew/Cellar/texlive/20250308_2/share/texmf-dist/tex/generic/iftex/ifv
tex.sty
Package: ifvtex 2019/10/25 v1.7 ifvtex legacy package. Use iftex instead.
)
\Gm@cnth=\count339
\Gm@cntv=\count340
\c@Gm@tempcnt=\count341
\Gm@bindingoffset=\dimen269
\Gm@wd@mp=\dimen270
\Gm@odd@mp=\dimen271
\Gm@even@mp=\dimen272
\Gm@layoutwidth=\dimen273
\Gm@layoutheight=\dimen274
\Gm@layouthoffset=\dimen275
\Gm@layoutvoffset=\dimen276
\Gm@dimlist=\toks31
)
(/opt/homebrew/Cellar/texlive/20250308_2/share/texmf-dist/tex/latex/enumitem/en
umitem.sty
Package: enumitem 2025/02/06 v3.11 Customized lists
\labelindent=\skip63
\enit@outerparindent=\dimen277
\enit@toks=\toks32
\enit@inbox=\box71
\enit@count@id=\count342
\enitdp@description=\count343
)
(/opt/homebrew/Cellar/texlive/20250308_2/share/texmf-dist/tex/latex/mdframed/md
framed.sty
Package: mdframed 2013/07/01 1.9b: mdframed

(/opt/homebrew/Cellar/texlive/20250308_2/share/texmf-dist/tex/latex/l3packages/
xparse/xparse.sty
(/opt/homebrew/Cellar/texlive/20250308_2/share/texmf-dist/tex/latex/l3kernel/ex
pl3.sty
Package: expl3 2025-01-18 L3 programming layer (loader) 

(/opt/homebrew/Cellar/texlive/20250308_2/share/texmf-dist/tex/latex/l3backend/l
3backend-xetex.def
File: l3backend-xetex.def 2024-05-08 L3 backend support: XeTeX
\g__graphics_track_int=\count344
\l__pdf_internal_box=\box72
\g__pdf_backend_annotation_int=\count345
\g__pdf_backend_link_int=\count346
))
Package: xparse 2024-08-16 L3 Experimental document command parser
)
(/opt/homebrew/Cellar/texlive/20250308_2/share/texmf-dist/tex/latex/zref/zref-a
bspage.sty
Package: zref-abspage 2023-09-14 v2.35 Module abspage for zref (HO)

(/opt/homebrew/Cellar/texlive/20250308_2/share/texmf-dist/tex/latex/zref/zref-b
ase.sty
Package: zref-base 2023-09-14 v2.35 Module base for zref (HO)

(/opt/homebrew/Cellar/texlive/20250308_2/share/texmf-dist/tex/generic/etexcmds/
etexcmds.sty
Package: etexcmds 2019/12/15 v1.7 Avoid name clashes with e-TeX commands (HO)
)
(/opt/homebrew/Cellar/texlive/20250308_2/share/texmf-dist/tex/latex/auxhook/aux
hook.sty
Package: auxhook 2019-12-17 v1.6 Hooks for auxiliary files (HO)
)
Package zref Info: New property list: main on input line 767.
Package zref Info: New property: default on input line 768.
Package zref Info: New property: page on input line 769.
)
\c@abspage=\count347
Package zref Info: New property: abspage on input line 67.
)
(/opt/homebrew/Cellar/texlive/20250308_2/share/texmf-dist/tex/latex/needspace/n
eedspace.sty
Package: needspace 2010/09/12 v1.3d reserve vertical space
)
\mdf@templength=\skip64
\c@mdf@globalstyle@cnt=\count348
\mdf@skipabove@length=\skip65
\mdf@skipbelow@length=\skip66
\mdf@leftmargin@length=\skip67
\mdf@rightmargin@length=\skip68
\mdf@innerleftmargin@length=\skip69
\mdf@innerrightmargin@length=\skip70
\mdf@innertopmargin@length=\skip71
\mdf@innerbottommargin@length=\skip72
\mdf@splittopskip@length=\skip73
\mdf@splitbottomskip@length=\skip74
\mdf@outermargin@length=\skip75
\mdf@innermargin@length=\skip76
\mdf@linewidth@length=\skip77
\mdf@innerlinewidth@length=\skip78
\mdf@middlelinewidth@length=\skip79
\mdf@outerlinewidth@length=\skip80
\mdf@roundcorner@length=\skip81
\mdf@footenotedistance@length=\skip82
\mdf@userdefinedwidth@length=\skip83
\mdf@needspace@length=\skip84
\mdf@frametitleaboveskip@length=\skip85
\mdf@frametitlebelowskip@length=\skip86
\mdf@frametitlerulewidth@length=\skip87
\mdf@frametitleleftmargin@length=\skip88
\mdf@frametitlerightmargin@length=\skip89
\mdf@shadowsize@length=\skip90
\mdf@extratopheight@length=\skip91
\mdf@subtitleabovelinewidth@length=\skip92
\mdf@subtitlebelowlinewidth@length=\skip93
\mdf@subtitleaboveskip@length=\skip94
\mdf@subtitlebelowskip@length=\skip95
\mdf@subtitleinneraboveskip@length=\skip96
\mdf@subtitleinnerbelowskip@length=\skip97
\mdf@subsubtitleabovelinewidth@length=\skip98
\mdf@subsubtitlebelowlinewidth@length=\skip99
\mdf@subsubtitleaboveskip@length=\skip100
\mdf@subsubtitlebelowskip@length=\skip101
\mdf@subsubtitleinneraboveskip@length=\skip102
\mdf@subsubtitleinnerbelowskip@length=\skip103

(/opt/homebrew/Cellar/texlive/20250308_2/share/texmf-dist/tex/latex/mdframed/md
-frame-0.mdf
File: md-frame-0.mdf 2013/07/01\ 1.9b: md-frame-0
)
\mdf@frametitlebox=\box73
\mdf@footnotebox=\box74
\mdf@splitbox@one=\box75
\mdf@splitbox@two=\box76
\mdf@splitbox@save=\box77
\mdfsplitboxwidth=\skip104
\mdfsplitboxtotalwidth=\skip105
\mdfsplitboxheight=\skip106
\mdfsplitboxdepth=\skip107
\mdfsplitboxtotalheight=\skip108
\mdfframetitleboxwidth=\skip109
\mdfframetitleboxtotalwidth=\skip110
\mdfframetitleboxheight=\skip111
\mdfframetitleboxdepth=\skip112
\mdfframetitleboxtotalheight=\skip113
\mdffootnoteboxwidth=\skip114
\mdffootnoteboxtotalwidth=\skip115
\mdffootnoteboxheight=\skip116
\mdffootnoteboxdepth=\skip117
\mdffootnoteboxtotalheight=\skip118
\mdftotallinewidth=\skip119
\mdfboundingboxwidth=\skip120
\mdfboundingboxtotalwidth=\skip121
\mdfboundingboxheight=\skip122
\mdfboundingboxdepth=\skip123
\mdfboundingboxtotalheight=\skip124
\mdf@freevspace@length=\skip125
\mdf@horizontalwidthofbox@length=\skip126
\mdf@verticalmarginwhole@length=\skip127
\mdf@horizontalspaceofbox=\skip128
\mdfsubtitleheight=\skip129
\mdfsubsubtitleheight=\skip130
\c@mdfcountframes=\count349

****** mdframed patching \endmdf@trivlist

****** -- success******

\mdf@envdepth=\count350
\c@mdf@env@i=\count351
\c@mdf@env@ii=\count352
\c@mdf@zref@counter=\count353
Package zref Info: New property: mdf@pagevalue on input line 895.
)
(/opt/homebrew/Cellar/texlive/20250308_2/share/texmf-dist/tex/latex/pgf/fronten
dlayer/tikz.sty
(/opt/homebrew/Cellar/texlive/20250308_2/share/texmf-dist/tex/latex/pgf/basicla
yer/pgf.sty
(/opt/homebrew/Cellar/texlive/20250308_2/share/texmf-dist/tex/latex/pgf/utiliti
es/pgfrcs.sty
(/opt/homebrew/Cellar/texlive/20250308_2/share/texmf-dist/tex/generic/pgf/utili
ties/pgfutil-common.tex
\pgfutil@everybye=\toks33
\pgfutil@tempdima=\dimen278
\pgfutil@tempdimb=\dimen279
)
(/opt/homebrew/Cellar/texlive/20250308_2/share/texmf-dist/tex/generic/pgf/utili
ties/pgfutil-latex.def
\pgfutil@abb=\box78
)
(/opt/homebrew/Cellar/texlive/20250308_2/share/texmf-dist/tex/generic/pgf/utili
ties/pgfrcs.code.tex
(/opt/homebrew/Cellar/texlive/20250308_2/share/texmf-dist/tex/generic/pgf/pgf.r
evision.tex)
Package: pgfrcs 2023-01-15 v3.1.10 (3.1.10)
))
Package: pgf 2023-01-15 v3.1.10 (3.1.10)

(/opt/homebrew/Cellar/texlive/20250308_2/share/texmf-dist/tex/latex/pgf/basicla
yer/pgfcore.sty
(/opt/homebrew/Cellar/texlive/20250308_2/share/texmf-dist/tex/latex/pgf/systeml
ayer/pgfsys.sty
(/opt/homebrew/Cellar/texlive/20250308_2/share/texmf-dist/tex/generic/pgf/syste
mlayer/pgfsys.code.tex
Package: pgfsys 2023-01-15 v3.1.10 (3.1.10)

(/opt/homebrew/Cellar/texlive/20250308_2/share/texmf-dist/tex/generic/pgf/utili
ties/pgfkeys.code.tex
\pgfkeys@pathtoks=\toks34
\pgfkeys@temptoks=\toks35

(/opt/homebrew/Cellar/texlive/20250308_2/share/texmf-dist/tex/generic/pgf/utili
ties/pgfkeyslibraryfiltered.code.tex
\pgfkeys@tmptoks=\toks36
))
\pgf@x=\dimen280
\pgf@y=\dimen281
\pgf@xa=\dimen282
\pgf@ya=\dimen283
\pgf@xb=\dimen284
\pgf@yb=\dimen285
\pgf@xc=\dimen286
\pgf@yc=\dimen287
\pgf@xd=\dimen288
\pgf@yd=\dimen289
\w@pgf@writea=\write3
\r@pgf@reada=\read2
\c@pgf@counta=\count354
\c@pgf@countb=\count355
\c@pgf@countc=\count356
\c@pgf@countd=\count357
\t@pgf@toka=\toks37
\t@pgf@tokb=\toks38
\t@pgf@tokc=\toks39
\pgf@sys@id@count=\count358

(/opt/homebrew/Cellar/texlive/20250308_2/share/texmf-dist/tex/generic/pgf/syste
mlayer/pgf.cfg
File: pgf.cfg 2023-01-15 v3.1.10 (3.1.10)
)
Driver file for pgf: pgfsys-xetex.def

(/opt/homebrew/Cellar/texlive/20250308_2/share/texmf-dist/tex/generic/pgf/syste
mlayer/pgfsys-xetex.def
File: pgfsys-xetex.def 2023-01-15 v3.1.10 (3.1.10)

(/opt/homebrew/Cellar/texlive/20250308_2/share/texmf-dist/tex/generic/pgf/syste
mlayer/pgfsys-dvipdfmx.def
File: pgfsys-dvipdfmx.def 2023-01-15 v3.1.10 (3.1.10)

(/opt/homebrew/Cellar/texlive/20250308_2/share/texmf-dist/tex/generic/pgf/syste
mlayer/pgfsys-common-pdf.def
File: pgfsys-common-pdf.def 2023-01-15 v3.1.10 (3.1.10)
)
\pgfsys@objnum=\count359
)))
(/opt/homebrew/Cellar/texlive/20250308_2/share/texmf-dist/tex/generic/pgf/syste
mlayer/pgfsyssoftpath.code.tex
File: pgfsyssoftpath.code.tex 2023-01-15 v3.1.10 (3.1.10)
\pgfsyssoftpath@smallbuffer@items=\count360
\pgfsyssoftpath@bigbuffer@items=\count361
)
(/opt/homebrew/Cellar/texlive/20250308_2/share/texmf-dist/tex/generic/pgf/syste
mlayer/pgfsysprotocol.code.tex
File: pgfsysprotocol.code.tex 2023-01-15 v3.1.10 (3.1.10)
))
(/opt/homebrew/Cellar/texlive/20250308_2/share/texmf-dist/tex/generic/pgf/basic
layer/pgfcore.code.tex
Package: pgfcore 2023-01-15 v3.1.10 (3.1.10)

(/opt/homebrew/Cellar/texlive/20250308_2/share/texmf-dist/tex/generic/pgf/math/
pgfmath.code.tex
(/opt/homebrew/Cellar/texlive/20250308_2/share/texmf-dist/tex/generic/pgf/math/
pgfmathutil.code.tex)
(/opt/homebrew/Cellar/texlive/20250308_2/share/texmf-dist/tex/generic/pgf/math/
pgfmathparser.code.tex
\pgfmath@dimen=\dimen290
\pgfmath@count=\count362
\pgfmath@box=\box79
\pgfmath@toks=\toks40
\pgfmath@stack@operand=\toks41
\pgfmath@stack@operation=\toks42
)
(/opt/homebrew/Cellar/texlive/20250308_2/share/texmf-dist/tex/generic/pgf/math/
pgfmathfunctions.code.tex)
(/opt/homebrew/Cellar/texlive/20250308_2/share/texmf-dist/tex/generic/pgf/math/
pgfmathfunctions.basic.code.tex)
(/opt/homebrew/Cellar/texlive/20250308_2/share/texmf-dist/tex/generic/pgf/math/
pgfmathfunctions.trigonometric.code.tex)
(/opt/homebrew/Cellar/texlive/20250308_2/share/texmf-dist/tex/generic/pgf/math/
pgfmathfunctions.random.code.tex)
(/opt/homebrew/Cellar/texlive/20250308_2/share/texmf-dist/tex/generic/pgf/math/
pgfmathfunctions.comparison.code.tex)
(/opt/homebrew/Cellar/texlive/20250308_2/share/texmf-dist/tex/generic/pgf/math/
pgfmathfunctions.base.code.tex)
(/opt/homebrew/Cellar/texlive/20250308_2/share/texmf-dist/tex/generic/pgf/math/
pgfmathfunctions.round.code.tex)
(/opt/homebrew/Cellar/texlive/20250308_2/share/texmf-dist/tex/generic/pgf/math/
pgfmathfunctions.misc.code.tex)
(/opt/homebrew/Cellar/texlive/20250308_2/share/texmf-dist/tex/generic/pgf/math/
pgfmathfunctions.integerarithmetics.code.tex)
(/opt/homebrew/Cellar/texlive/20250308_2/share/texmf-dist/tex/generic/pgf/math/
pgfmathcalc.code.tex)
(/opt/homebrew/Cellar/texlive/20250308_2/share/texmf-dist/tex/generic/pgf/math/
pgfmathfloat.code.tex
\c@pgfmathroundto@lastzeros=\count363
))
(/opt/homebrew/Cellar/texlive/20250308_2/share/texmf-dist/tex/generic/pgf/math/
pgfint.code.tex)
(/opt/homebrew/Cellar/texlive/20250308_2/share/texmf-dist/tex/generic/pgf/basic
layer/pgfcorepoints.code.tex
File: pgfcorepoints.code.tex 2023-01-15 v3.1.10 (3.1.10)
\pgf@picminx=\dimen291
\pgf@picmaxx=\dimen292
\pgf@picminy=\dimen293
\pgf@picmaxy=\dimen294
\pgf@pathminx=\dimen295
\pgf@pathmaxx=\dimen296
\pgf@pathminy=\dimen297
\pgf@pathmaxy=\dimen298
\pgf@xx=\dimen299
\pgf@xy=\dimen300
\pgf@yx=\dimen301
\pgf@yy=\dimen302
\pgf@zx=\dimen303
\pgf@zy=\dimen304
)
(/opt/homebrew/Cellar/texlive/20250308_2/share/texmf-dist/tex/generic/pgf/basic
layer/pgfcorepathconstruct.code.tex
File: pgfcorepathconstruct.code.tex 2023-01-15 v3.1.10 (3.1.10)
\pgf@path@lastx=\dimen305
\pgf@path@lasty=\dimen306
)
(/opt/homebrew/Cellar/texlive/20250308_2/share/texmf-dist/tex/generic/pgf/basic
layer/pgfcorepathusage.code.tex
File: pgfcorepathusage.code.tex 2023-01-15 v3.1.10 (3.1.10)
\pgf@shorten@end@additional=\dimen307
\pgf@shorten@start@additional=\dimen308
)
(/opt/homebrew/Cellar/texlive/20250308_2/share/texmf-dist/tex/generic/pgf/basic
layer/pgfcorescopes.code.tex
File: pgfcorescopes.code.tex 2023-01-15 v3.1.10 (3.1.10)
\pgfpic=\box80
\pgf@hbox=\box81
\pgf@layerbox@main=\box82
\pgf@picture@serial@count=\count364
)
(/opt/homebrew/Cellar/texlive/20250308_2/share/texmf-dist/tex/generic/pgf/basic
layer/pgfcoregraphicstate.code.tex
File: pgfcoregraphicstate.code.tex 2023-01-15 v3.1.10 (3.1.10)
\pgflinewidth=\dimen309
)
(/opt/homebrew/Cellar/texlive/20250308_2/share/texmf-dist/tex/generic/pgf/basic
layer/pgfcoretransformations.code.tex
File: pgfcoretransformations.code.tex 2023-01-15 v3.1.10 (3.1.10)
\pgf@pt@x=\dimen310
\pgf@pt@y=\dimen311
\pgf@pt@temp=\dimen312
)
(/opt/homebrew/Cellar/texlive/20250308_2/share/texmf-dist/tex/generic/pgf/basic
layer/pgfcorequick.code.tex
File: pgfcorequick.code.tex 2023-01-15 v3.1.10 (3.1.10)
)
(/opt/homebrew/Cellar/texlive/20250308_2/share/texmf-dist/tex/generic/pgf/basic
layer/pgfcoreobjects.code.tex
File: pgfcoreobjects.code.tex 2023-01-15 v3.1.10 (3.1.10)
)
(/opt/homebrew/Cellar/texlive/20250308_2/share/texmf-dist/tex/generic/pgf/basic
layer/pgfcorepathprocessing.code.tex
File: pgfcorepathprocessing.code.tex 2023-01-15 v3.1.10 (3.1.10)
)
(/opt/homebrew/Cellar/texlive/20250308_2/share/texmf-dist/tex/generic/pgf/basic
layer/pgfcorearrows.code.tex
File: pgfcorearrows.code.tex 2023-01-15 v3.1.10 (3.1.10)
\pgfarrowsep=\dimen313
)
(/opt/homebrew/Cellar/texlive/20250308_2/share/texmf-dist/tex/generic/pgf/basic
layer/pgfcoreshade.code.tex
File: pgfcoreshade.code.tex 2023-01-15 v3.1.10 (3.1.10)
\pgf@max=\dimen314
\pgf@sys@shading@range@num=\count365
\pgf@shadingcount=\count366
)
(/opt/homebrew/Cellar/texlive/20250308_2/share/texmf-dist/tex/generic/pgf/basic
layer/pgfcoreimage.code.tex
File: pgfcoreimage.code.tex 2023-01-15 v3.1.10 (3.1.10)
)
(/opt/homebrew/Cellar/texlive/20250308_2/share/texmf-dist/tex/generic/pgf/basic
layer/pgfcoreexternal.code.tex
File: pgfcoreexternal.code.tex 2023-01-15 v3.1.10 (3.1.10)
\pgfexternal@startupbox=\box83
)
(/opt/homebrew/Cellar/texlive/20250308_2/share/texmf-dist/tex/generic/pgf/basic
layer/pgfcorelayers.code.tex
File: pgfcorelayers.code.tex 2023-01-15 v3.1.10 (3.1.10)
)
(/opt/homebrew/Cellar/texlive/20250308_2/share/texmf-dist/tex/generic/pgf/basic
layer/pgfcoretransparency.code.tex
File: pgfcoretransparency.code.tex 2023-01-15 v3.1.10 (3.1.10)
)
(/opt/homebrew/Cellar/texlive/20250308_2/share/texmf-dist/tex/generic/pgf/basic
layer/pgfcorepatterns.code.tex
File: pgfcorepatterns.code.tex 2023-01-15 v3.1.10 (3.1.10)
)
(/opt/homebrew/Cellar/texlive/20250308_2/share/texmf-dist/tex/generic/pgf/basic
layer/pgfcorerdf.code.tex
File: pgfcorerdf.code.tex 2023-01-15 v3.1.10 (3.1.10)
)))
(/opt/homebrew/Cellar/texlive/20250308_2/share/texmf-dist/tex/generic/pgf/modul
es/pgfmoduleshapes.code.tex
File: pgfmoduleshapes.code.tex 2023-01-15 v3.1.10 (3.1.10)
\pgfnodeparttextbox=\box84
)
(/opt/homebrew/Cellar/texlive/20250308_2/share/texmf-dist/tex/generic/pgf/modul
es/pgfmoduleplot.code.tex
File: pgfmoduleplot.code.tex 2023-01-15 v3.1.10 (3.1.10)
)
(/opt/homebrew/Cellar/texlive/20250308_2/share/texmf-dist/tex/latex/pgf/compati
bility/pgfcomp-version-0-65.sty
Package: pgfcomp-version-0-65 2023-01-15 v3.1.10 (3.1.10)
\pgf@nodesepstart=\dimen315
\pgf@nodesepend=\dimen316
)
(/opt/homebrew/Cellar/texlive/20250308_2/share/texmf-dist/tex/latex/pgf/compati
bility/pgfcomp-version-1-18.sty
Package: pgfcomp-version-1-18 2023-01-15 v3.1.10 (3.1.10)
))
(/opt/homebrew/Cellar/texlive/20250308_2/share/texmf-dist/tex/latex/pgf/utiliti
es/pgffor.sty
(/opt/homebrew/Cellar/texlive/20250308_2/share/texmf-dist/tex/latex/pgf/utiliti
es/pgfkeys.sty
(/opt/homebrew/Cellar/texlive/20250308_2/share/texmf-dist/tex/generic/pgf/utili
ties/pgfkeys.code.tex))
(/opt/homebrew/Cellar/texlive/20250308_2/share/texmf-dist/tex/latex/pgf/math/pg
fmath.sty
(/opt/homebrew/Cellar/texlive/20250308_2/share/texmf-dist/tex/generic/pgf/math/
pgfmath.code.tex))
(/opt/homebrew/Cellar/texlive/20250308_2/share/texmf-dist/tex/generic/pgf/utili
ties/pgffor.code.tex
Package: pgffor 2023-01-15 v3.1.10 (3.1.10)
\pgffor@iter=\dimen317
\pgffor@skip=\dimen318
\pgffor@stack=\toks43
\pgffor@toks=\toks44
))
(/opt/homebrew/Cellar/texlive/20250308_2/share/texmf-dist/tex/generic/pgf/front
endlayer/tikz/tikz.code.tex
Package: tikz 2023-01-15 v3.1.10 (3.1.10)

(/opt/homebrew/Cellar/texlive/20250308_2/share/texmf-dist/tex/generic/pgf/libra
ries/pgflibraryplothandlers.code.tex
File: pgflibraryplothandlers.code.tex 2023-01-15 v3.1.10 (3.1.10)
\pgf@plot@mark@count=\count367
\pgfplotmarksize=\dimen319
)
\tikz@lastx=\dimen320
\tikz@lasty=\dimen321
\tikz@lastxsaved=\dimen322
\tikz@lastysaved=\dimen323
\tikz@lastmovetox=\dimen324
\tikz@lastmovetoy=\dimen325
\tikzleveldistance=\dimen326
\tikzsiblingdistance=\dimen327
\tikz@figbox=\box85
\tikz@figbox@bg=\box86
\tikz@tempbox=\box87
\tikz@tempbox@bg=\box88
\tikztreelevel=\count368
\tikznumberofchildren=\count369
\tikznumberofcurrentchild=\count370
\tikz@fig@count=\count371

(/opt/homebrew/Cellar/texlive/20250308_2/share/texmf-dist/tex/generic/pgf/modul
es/pgfmodulematrix.code.tex
File: pgfmodulematrix.code.tex 2023-01-15 v3.1.10 (3.1.10)
\pgfmatrixcurrentrow=\count372
\pgfmatrixcurrentcolumn=\count373
\pgf@matrix@numberofcolumns=\count374
)
\tikz@expandcount=\count375

(/opt/homebrew/Cellar/texlive/20250308_2/share/texmf-dist/tex/generic/pgf/front
endlayer/tikz/libraries/tikzlibrarytopaths.code.tex
File: tikzlibrarytopaths.code.tex 2023-01-15 v3.1.10 (3.1.10)
)))
(/opt/homebrew/Cellar/texlive/20250308_2/share/texmf-dist/tex/latex/pgfplots/pg
fplots.sty
(/opt/homebrew/Cellar/texlive/20250308_2/share/texmf-dist/tex/generic/pgfplots/
pgfplots.revision.tex)
Package: pgfplots 2021/05/15 v1.18.1 Data Visualization (1.18.1)

(/opt/homebrew/Cellar/texlive/20250308_2/share/texmf-dist/tex/generic/pgfplots/
pgfplots.code.tex
(/opt/homebrew/Cellar/texlive/20250308_2/share/texmf-dist/tex/generic/pgfplots/
pgfplotscore.code.tex
\t@pgfplots@toka=\toks45
\t@pgfplots@tokb=\toks46
\t@pgfplots@tokc=\toks47
\pgfplots@tmpa=\dimen328
\c@pgfplots@coordindex=\count376
\c@pgfplots@scanlineindex=\count377

(/opt/homebrew/Cellar/texlive/20250308_2/share/texmf-dist/tex/generic/pgfplots/
sys/pgfplotssysgeneric.code.tex))
(/opt/homebrew/Cellar/texlive/20250308_2/share/texmf-dist/tex/generic/pgfplots/
libs/pgfplotslibrary.code.tex)
(/opt/homebrew/Cellar/texlive/20250308_2/share/texmf-dist/tex/generic/pgfplots/
oldpgfcompatib/pgfplotsoldpgfsupp_loader.code.tex
(/opt/homebrew/Cellar/texlive/20250308_2/share/texmf-dist/tex/generic/pgf/libra
ries/pgflibraryfpu.code.tex)
Package pgfplots: loading complementary utilities for your pgf version...
\t@pgf@toka=\toks48
\t@pgf@tokb=\toks49
\t@pgf@tokc=\toks50

(/opt/homebrew/Cellar/texlive/20250308_2/share/texmf-dist/tex/generic/pgfplots/
oldpgfcompatib/pgfplotsoldpgfsupp_pgfutil-common-lists.tex))
(/opt/homebrew/Cellar/texlive/20250308_2/share/texmf-dist/tex/generic/pgfplots/
util/pgfplotsutil.code.tex
(/opt/homebrew/Cellar/texlive/20250308_2/share/texmf-dist/tex/generic/pgfplots/
liststructure/pgfplotsliststructure.code.tex)
(/opt/homebrew/Cellar/texlive/20250308_2/share/texmf-dist/tex/generic/pgfplots/
liststructure/pgfplotsliststructureext.code.tex)
(/opt/homebrew/Cellar/texlive/20250308_2/share/texmf-dist/tex/generic/pgfplots/
liststructure/pgfplotsarray.code.tex
\c@pgfplotsarray@tmp=\count378
)
(/opt/homebrew/Cellar/texlive/20250308_2/share/texmf-dist/tex/generic/pgfplots/
liststructure/pgfplotsmatrix.code.tex)
(/opt/homebrew/Cellar/texlive/20250308_2/share/texmf-dist/tex/generic/pgfplots/
numtable/pgfplotstableshared.code.tex
\c@pgfplotstable@counta=\count379
\t@pgfplotstable@a=\toks51
)
(/opt/homebrew/Cellar/texlive/20250308_2/share/texmf-dist/tex/generic/pgfplots/
liststructure/pgfplotsdeque.code.tex)
(/opt/homebrew/Cellar/texlive/20250308_2/share/texmf-dist/tex/generic/pgfplots/
util/pgfplotsbinary.code.tex
(/opt/homebrew/Cellar/texlive/20250308_2/share/texmf-dist/tex/generic/pgfplots/
util/pgfplotsbinary.data.code.tex))
(/opt/homebrew/Cellar/texlive/20250308_2/share/texmf-dist/tex/generic/pgfplots/
util/pgfplotsutil.verb.code.tex)
(/opt/homebrew/Cellar/texlive/20250308_2/share/texmf-dist/tex/generic/pgfplots/
libs/pgflibrarypgfplots.surfshading.code.tex
\c@pgfplotslibrarysurf@no=\count380

(/opt/homebrew/Cellar/texlive/20250308_2/share/texmf-dist/tex/generic/pgfplots/
sys/pgflibrarypgfplots.surfshading.pgfsys-xetex.def
(/opt/homebrew/Cellar/texlive/20250308_2/share/texmf-dist/tex/generic/pgfplots/
sys/pgflibrarypgfplots.surfshading.pgfsys-dvipdfmx.def
\c@pgfplotslibrarysurf@streamlen=\count381
))))
(/opt/homebrew/Cellar/texlive/20250308_2/share/texmf-dist/tex/generic/pgfplots/
util/pgfplotscolormap.code.tex
(/opt/homebrew/Cellar/texlive/20250308_2/share/texmf-dist/tex/generic/pgfplots/
util/pgfplotscolor.code.tex))
(/opt/homebrew/Cellar/texlive/20250308_2/share/texmf-dist/tex/generic/pgfplots/
pgfplotsstackedplots.code.tex)
(/opt/homebrew/Cellar/texlive/20250308_2/share/texmf-dist/tex/generic/pgfplots/
pgfplotsplothandlers.code.tex
(/opt/homebrew/Cellar/texlive/20250308_2/share/texmf-dist/tex/generic/pgfplots/
pgfplotsmeshplothandler.code.tex
(/opt/homebrew/Cellar/texlive/20250308_2/share/texmf-dist/tex/generic/pgfplots/
pgfplotsmeshplotimage.code.tex)))
(/opt/homebrew/Cellar/texlive/20250308_2/share/texmf-dist/tex/generic/pgfplots/
pgfplots.scaling.code.tex)
(/opt/homebrew/Cellar/texlive/20250308_2/share/texmf-dist/tex/generic/pgfplots/
pgfplotscoordprocessing.code.tex)
(/opt/homebrew/Cellar/texlive/20250308_2/share/texmf-dist/tex/generic/pgfplots/
pgfplots.errorbars.code.tex)
(/opt/homebrew/Cellar/texlive/20250308_2/share/texmf-dist/tex/generic/pgfplots/
pgfplots.markers.code.tex)
(/opt/homebrew/Cellar/texlive/20250308_2/share/texmf-dist/tex/generic/pgfplots/
pgfplotsticks.code.tex)
(/opt/homebrew/Cellar/texlive/20250308_2/share/texmf-dist/tex/generic/pgfplots/
pgfplots.paths.code.tex)
(/opt/homebrew/Cellar/texlive/20250308_2/share/texmf-dist/tex/generic/pgf/front
endlayer/tikz/libraries/tikzlibrarydecorations.code.tex
(/opt/homebrew/Cellar/texlive/20250308_2/share/texmf-dist/tex/generic/pgf/modul
es/pgfmoduledecorations.code.tex
\pgfdecoratedcompleteddistance=\dimen329
\pgfdecoratedremainingdistance=\dimen330
\pgfdecoratedinputsegmentcompleteddistance=\dimen331
\pgfdecoratedinputsegmentremainingdistance=\dimen332
\pgf@decorate@distancetomove=\dimen333
\pgf@decorate@repeatstate=\count382
\pgfdecorationsegmentamplitude=\dimen334
\pgfdecorationsegmentlength=\dimen335
)
\tikz@lib@dec@box=\box89
)
(/opt/homebrew/Cellar/texlive/20250308_2/share/texmf-dist/tex/generic/pgf/front
endlayer/tikz/libraries/tikzlibrarydecorations.pathmorphing.code.tex
(/opt/homebrew/Cellar/texlive/20250308_2/share/texmf-dist/tex/generic/pgf/libra
ries/decorations/pgflibrarydecorations.pathmorphing.code.tex))
(/opt/homebrew/Cellar/texlive/20250308_2/share/texmf-dist/tex/generic/pgf/front
endlayer/tikz/libraries/tikzlibrarydecorations.pathreplacing.code.tex
(/opt/homebrew/Cellar/texlive/20250308_2/share/texmf-dist/tex/generic/pgf/libra
ries/decorations/pgflibrarydecorations.pathreplacing.code.tex))
(/opt/homebrew/Cellar/texlive/20250308_2/share/texmf-dist/tex/generic/pgfplots/
libs/tikzlibrarypgfplots.contourlua.code.tex)
\pgfplots@numplots=\count383
\pgfplots@xmin@reg=\dimen336
\pgfplots@xmax@reg=\dimen337
\pgfplots@ymin@reg=\dimen338
\pgfplots@ymax@reg=\dimen339
\pgfplots@zmin@reg=\dimen340
\pgfplots@zmax@reg=\dimen341
)
(/opt/homebrew/Cellar/texlive/20250308_2/share/texmf-dist/tex/generic/pgf/front
endlayer/tikz/libraries/tikzlibraryplotmarks.code.tex
File: tikzlibraryplotmarks.code.tex 2023-01-15 v3.1.10 (3.1.10)

(/opt/homebrew/Cellar/texlive/20250308_2/share/texmf-dist/tex/generic/pgf/libra
ries/pgflibraryplotmarks.code.tex
File: pgflibraryplotmarks.code.tex 2023-01-15 v3.1.10 (3.1.10)
)))
(/opt/homebrew/Cellar/texlive/20250308_2/share/texmf-dist/tex/latex/underscore/
underscore.sty
Package: underscore 2006/09/13
LaTeX Info: Redefining \_ on input line 42.
)
(/opt/homebrew/Cellar/texlive/20250308_2/share/texmf-dist/tex/latex/firstaid/un
derscore-ltx.sty
Package: underscore-ltx 2023/09/20 LaTeX firstaid to make underscore protected 

)
Package translations Info: No language package found. I am going to use `englis
h' as default language. on input line 36.
 (./report.aux

LaTeX Warning: Label `sec:q3_lora_theory' multiply defined.


LaTeX Warning: Label `sec:q3_lora_implementation' multiply defined.


LaTeX Warning: Label `sec:q3_experiments' multiply defined.

)
\openout1 = `report.aux'.

LaTeX Font Info:    Checking defaults for OML/cmm/m/it on input line 36.
LaTeX Font Info:    ... okay on input line 36.
LaTeX Font Info:    Checking defaults for OMS/cmsy/m/n on input line 36.
LaTeX Font Info:    ... okay on input line 36.
LaTeX Font Info:    Checking defaults for OT1/cmr/m/n on input line 36.
LaTeX Font Info:    ... okay on input line 36.
LaTeX Font Info:    Checking defaults for T1/cmr/m/n on input line 36.
LaTeX Font Info:    ... okay on input line 36.
LaTeX Font Info:    Checking defaults for TS1/cmr/m/n on input line 36.
LaTeX Font Info:    ... okay on input line 36.
LaTeX Font Info:    Checking defaults for TU/lmr/m/n on input line 36.
LaTeX Font Info:    ... okay on input line 36.
LaTeX Font Info:    Checking defaults for OMX/cmex/m/n on input line 36.
LaTeX Font Info:    ... okay on input line 36.
LaTeX Font Info:    Checking defaults for U/cmr/m/n on input line 36.
LaTeX Font Info:    ... okay on input line 36.
LaTeX Font Info:    Checking defaults for PD1/pdf/m/n on input line 36.
LaTeX Font Info:    ... okay on input line 36.
LaTeX Font Info:    Checking defaults for PU/pdf/m/n on input line 36.
LaTeX Font Info:    ... okay on input line 36.


LaTeX Font Warning: Font shape `TU/ptm/b/n' undefined
(Font)              using `TU/ptm/bx/n' instead on input line 36.


LaTeX Font Warning: Font shape `TU/ptm/b/it' undefined
(Font)              using `TU/ptm/bx/it' instead on input line 36.


LaTeX Font Warning: Font shape `TU/ptm/b/n' undefined
(Font)              using `TU/ptm/bx/n' instead on input line 36.


LaTeX Font Warning: Font shape `TU/ptm/b/it' undefined
(Font)              using `TU/ptm/bx/it' instead on input line 36.


LaTeX Font Warning: Font shape `TU/ptm/b/n' undefined
(Font)              using `TU/ptm/bx/n' instead on input line 36.


LaTeX Font Warning: Font shape `TU/ptm/b/it' undefined
(Font)              using `TU/ptm/bx/it' instead on input line 36.


LaTeX Font Warning: Font shape `TU/ptm/b/n' undefined
(Font)              using `TU/ptm/bx/n' instead on input line 36.


LaTeX Font Warning: Font shape `TU/ptm/b/it' undefined
(Font)              using `TU/ptm/bx/it' instead on input line 36.


LaTeX Font Warning: Font shape `TU/ptm/b/n' undefined
(Font)              using `TU/ptm/bx/n' instead on input line 36.


LaTeX Font Warning: Font shape `TU/ptm/b/it' undefined
(Font)              using `TU/ptm/bx/it' instead on input line 36.


LaTeX Font Warning: Font shape `TU/ptm/b/n' undefined
(Font)              using `TU/ptm/bx/n' instead on input line 36.


LaTeX Font Warning: Font shape `TU/ptm/b/it' undefined
(Font)              using `TU/ptm/bx/it' instead on input line 36.


LaTeX Font Warning: Font shape `TU/ptm/b/n' undefined
(Font)              using `TU/ptm/bx/n' instead on input line 36.


LaTeX Font Warning: Font shape `TU/ptm/b/it' undefined
(Font)              using `TU/ptm/bx/it' instead on input line 36.


LaTeX Font Warning: Font shape `TU/ptm/b/n' undefined
(Font)              using `TU/ptm/bx/n' instead on input line 36.


LaTeX Font Warning: Font shape `TU/ptm/b/it' undefined
(Font)              using `TU/ptm/bx/it' instead on input line 36.


LaTeX Font Warning: Font shape `TU/ptm/b/n' undefined
(Font)              using `TU/ptm/bx/n' instead on input line 36.


LaTeX Font Warning: Font shape `TU/ptm/b/it' undefined
(Font)              using `TU/ptm/bx/it' instead on input line 36.


LaTeX Font Warning: Font shape `TU/ptm/b/n' undefined
(Font)              using `TU/ptm/bx/n' instead on input line 36.


LaTeX Font Warning: Font shape `TU/ptm/b/it' undefined
(Font)              using `TU/ptm/bx/it' instead on input line 36.

-- Lines per column: 46 (approximate, difference = 4.47656pt).
Package hyperref Info: Link coloring OFF on input line 36.
(./report.out) (./report.out)
\@outlinefile=\write4
\openout4 = `report.out'.


(/opt/homebrew/Cellar/texlive/20250308_2/share/texmf-dist/tex/latex/translation
s/translations-basic-dictionary-english.trsl
File: translations-basic-dictionary-english.trsl (english translation file `tra
nslations-basic-dictionary')
)
Package translations Info: loading dictionary `translations-basic-dictionary' f
or `english'. on input line 36.
Package caption Info: Begin \AtBeginDocument code.
Package caption Info: listings package is loaded.
Package caption Info: End \AtBeginDocument code.
\c@lstlisting=\count384

*geometry* driver: auto-detecting
*geometry* detected driver: xetex
*geometry* verbose mode - [ preamble ] result:
* driver: xetex
* paper: <default>
* layout: <same size as paper>
* layoutoffset:(h,v)=(0.0pt,0.0pt)
* modes: 
* h-part:(L,W,R)=(92.14519pt, 430.00462pt, 92.14519pt)
* v-part:(T,H,B)=(95.39737pt, 556.47656pt, 143.09605pt)
* \paperwidth=614.295pt
* \paperheight=794.96999pt
* \textwidth=430.00462pt
* \textheight=556.47656pt
* \oddsidemargin=19.8752pt
* \evensidemargin=19.8752pt
* \topmargin=-7.50224pt
* \headheight=12.0pt
* \headsep=18.62962pt
* \topskip=12.0pt
* \footskip=40.55286pt
* \marginparwidth=20.0pt
* \marginparsep=10.0pt
* \columnsep=12.0pt
* \skip\footins=10.79993pt plus 4.79993pt minus 2.39996pt
* \hoffset=0.0pt
* \voffset=0.0pt
* \mag=1000
* \@twocolumntrue
* \@twosidefalse
* \@mparswitchfalse
* \@reversemarginfalse
* (1in=72.27pt=25.4mm, 1cm=28.453pt)


Package pgfplots Warning: running in backwards compatibility mode (unsuitable t
ick labels; missing features). Consider writing \pgfplotsset{compat=1.18} into 
your preamble.
 on input line 36.

LaTeX Font Info:    Trying to load font information for TU+pcr on input line 38
.
LaTeX Font Info:    No file TUpcr.fd. on input line 38.

LaTeX Font Warning: Font shape `TU/pcr/m/n' undefined
(Font)              using `TU/lmr/m/n' instead on input line 38.


LaTeX Font Warning: Font shape `TU/ptm/b/n' undefined
(Font)              using `TU/ptm/bx/n' instead on input line 39.


LaTeX Font Warning: Font shape `TU/ptm/b/n' undefined
(Font)              using `TU/ptm/bx/n' instead on input line 43.


Underfull \hbox (badness 7099) in paragraph at lines 43--45
[]\TU/ptm/bx/it/9 Index Terms—Deep Learning, Image Cap-
 []


Underfull \hbox (badness 1354) in paragraph at lines 43--45
\TU/ptm/bx/it/9 tioning, Contrastive Learning, Audio Classifica-
 []


Underfull \hbox (badness 2181) in paragraph at lines 43--45
\TU/ptm/bx/it/9 Robustness, Attention Mechanisms, Multimodal
 []


LaTeX Font Warning: Font shape `TU/ptm/m/sc' undefined
(Font)              using `TU/ptm/m/n' instead on input line 47.




Underfull \hbox (badness 2818) in paragraph at lines 52--52
 \TU/pcr/m/n/10 A. Problem Formulation and Mathematical
 []

LaTeX Font Info:    Trying to load font information for U+msa on input line 55.


(/opt/homebrew/Cellar/texlive/20250308_2/share/texmf-dist/tex/latex/amsfonts/um
sa.fd
File: umsa.fd 2013/01/14 v3.01 AMS symbols A
)
LaTeX Font Info:    Trying to load font information for U+msb on input line 55.


(/opt/homebrew/Cellar/texlive/20250308_2/share/texmf-dist/tex/latex/amsfonts/um
sb.fd
File: umsb.fd 2013/01/14 v3.01 AMS symbols B
)
Underfull \hbox (badness 1406) in paragraph at lines 55--56
\TU/pcr/m/n/10 ating a natural language description $\OML/cmm/m/it/10 S \OT1/cm
r/m/n/10 =
 []



[1


]

LaTeX Font Warning: Font shape `TU/ptm/b/n' undefined
(Font)              using `TU/ptm/bx/n' instead on input line 85.


LaTeX Font Warning: Font shape `TU/ptm/b/n' undefined
(Font)              using `TU/ptm/bx/n' instead on input line 87.


LaTeX Font Warning: Font shape `TU/ptm/b/n' undefined
(Font)              using `TU/ptm/bx/n' instead on input line 89.


LaTeX Font Warning: Font shape `TU/ptm/b/n' undefined
(Font)              using `TU/ptm/bx/n' instead on input line 91.


LaTeX Font Warning: Font shape `TU/ptm/b/n' undefined
(Font)              using `TU/ptm/bx/n' instead on input line 93.


Underfull \hbox (badness 2012) in paragraph at lines 93--94
\TU/pcr/m/n/10 secutive whitespace characters are col-
 []


LaTeX Font Warning: Font shape `TU/ptm/b/n' undefined
(Font)              using `TU/ptm/bx/n' instead on input line 95.




Underfull \hbox (badness 4168) in paragraph at lines 105--106
\TU/pcr/m/n/10 caption termination, allowing variable-
 []


Underfull \hbox (badness 5036) in paragraph at lines 106--107
[]\TU/pcr/m/n/10 <pad>: Enables batch processing by
 []


LaTeX Font Warning: Font shape `TU/ptm/b/n' undefined
(Font)              using `TU/ptm/bx/n' instead on input line 112.


Underfull \hbox (badness 2521) in paragraph at lines 112--113
[]\TU/pcr/m/n/10 SOS/EOS: Enabling variable-length se-
 []


LaTeX Font Warning: Font shape `TU/ptm/b/n' undefined
(Font)              using `TU/ptm/bx/n' instead on input line 113.


Underfull \hbox (badness 1924) in paragraph at lines 113--114
[]\TU/pcr/m/n/10 PAD: Computational efficiency through
 []


LaTeX Font Warning: Font shape `TU/ptm/b/n' undefined
(Font)              using `TU/ptm/bx/n' instead on input line 114.


Underfull \hbox (badness 10000) in paragraph at lines 120--121
\TU/pcr/m/n/10 Comprehensive statistical analysis reveals
 []


Overfull \hbox (23.56578pt too wide) in paragraph at lines 125--137
 [][] 
 []


LaTeX Font Warning: Font shape `TU/ptm/b/n' undefined
(Font)              using `TU/ptm/bx/n' instead on input line 141.


LaTeX Font Warning: Font shape `TU/ptm/b/n' undefined
(Font)              using `TU/ptm/bx/n' instead on input line 142.


LaTeX Font Warning: Font shape `TU/ptm/b/n' undefined
(Font)              using `TU/ptm/bx/n' instead on input line 143.



[2]

LaTeX Font Warning: Font shape `TU/ptm/b/n' undefined
(Font)              using `TU/ptm/bx/n' instead on input line 144.


LaTeX Font Warning: Font shape `TU/ptm/b/n' undefined
(Font)              using `TU/ptm/bx/n' instead on input line 179.


LaTeX Font Warning: Font shape `TU/ptm/b/n' undefined
(Font)              using `TU/ptm/bx/n' instead on input line 180.


LaTeX Font Warning: Font shape `TU/ptm/b/n' undefined
(Font)              using `TU/ptm/bx/n' instead on input line 181.


LaTeX Font Warning: Font shape `TU/ptm/b/n' undefined
(Font)              using `TU/ptm/bx/n' instead on input line 182.




LaTeX Font Warning: Font shape `TU/ptm/b/n' undefined
(Font)              using `TU/ptm/bx/n' instead on input line 191.


LaTeX Font Warning: Font shape `TU/ptm/b/n' undefined
(Font)              using `TU/ptm/bx/n' instead on input line 192.


LaTeX Font Warning: Font shape `TU/ptm/b/n' undefined
(Font)              using `TU/ptm/bx/n' instead on input line 193.


LaTeX Font Warning: Font shape `TU/ptm/b/n' undefined
(Font)              using `TU/ptm/bx/n' instead on input line 194.


LaTeX Font Warning: Font shape `TU/ptm/b/n' undefined
(Font)              using `TU/ptm/bx/n' instead on input line 228.



[3]

LaTeX Font Warning: Font shape `TU/ptm/b/n' undefined
(Font)              using `TU/ptm/bx/n' instead on input line 229.


LaTeX Font Warning: Font shape `TU/ptm/b/n' undefined
(Font)              using `TU/ptm/bx/n' instead on input line 230.


LaTeX Font Warning: Font shape `TU/ptm/b/n' undefined
(Font)              using `TU/ptm/bx/n' instead on input line 231.


LaTeX Font Warning: Font shape `TU/ptm/b/n' undefined
(Font)              using `TU/ptm/bx/n' instead on input line 242.


LaTeX Font Warning: Font shape `TU/ptm/b/n' undefined
(Font)              using `TU/ptm/bx/n' instead on input line 244.


LaTeX Font Warning: Font shape `TU/ptm/b/n' undefined
(Font)              using `TU/ptm/bx/n' instead on input line 251.


LaTeX Font Warning: Font shape `TU/ptm/b/n' undefined
(Font)              using `TU/ptm/bx/n' instead on input line 259.


LaTeX Font Warning: Font shape `TU/ptm/b/n' undefined
(Font)              using `TU/ptm/bx/n' instead on input line 272.




LaTeX Font Warning: Font shape `TU/ptm/b/n' undefined
(Font)              using `TU/ptm/bx/n' instead on input line 288.


LaTeX Font Warning: Font shape `TU/ptm/b/n' undefined
(Font)              using `TU/ptm/bx/n' instead on input line 290.


LaTeX Font Warning: Font shape `TU/ptm/b/n' undefined
(Font)              using `TU/ptm/bx/n' instead on input line 291.


Underfull \hbox (badness 3942) in paragraph at lines 291--292
[]\TU/pcr/m/n/10 Interpretability: Attention maps reveal
 []


LaTeX Font Warning: Font shape `TU/ptm/b/n' undefined
(Font)              using `TU/ptm/bx/n' instead on input line 292.


LaTeX Font Warning: Font shape `TU/ptm/b/n' undefined
(Font)              using `TU/ptm/bx/n' instead on input line 293.


LaTeX Font Warning: Font shape `TU/ptm/b/n' undefined
(Font)              using `TU/ptm/bx/n' instead on input line 301.


LaTeX Font Warning: Font shape `TU/ptm/b/n' undefined
(Font)              using `TU/ptm/bx/n' instead on input line 306.


LaTeX Font Warning: Font shape `TU/ptm/b/n' undefined
(Font)              using `TU/ptm/bx/n' instead on input line 316.


LaTeX Font Warning: Font shape `TU/ptm/b/n' undefined
(Font)              using `TU/ptm/bx/n' instead on input line 321.


LaTeX Font Warning: Font shape `TU/ptm/b/n' undefined
(Font)              using `TU/ptm/bx/n' instead on input line 323.



[4]

LaTeX Font Warning: Font shape `TU/ptm/b/n' undefined
(Font)              using `TU/ptm/bx/n' instead on input line 324.


LaTeX Font Warning: Font shape `TU/ptm/b/n' undefined
(Font)              using `TU/ptm/bx/n' instead on input line 325.


LaTeX Font Warning: Font shape `TU/ptm/b/n' undefined
(Font)              using `TU/ptm/bx/n' instead on input line 351.


LaTeX Font Warning: Font shape `TU/ptm/b/n' undefined
(Font)              using `TU/ptm/bx/n' instead on input line 356.


LaTeX Font Warning: Font shape `TU/ptm/b/n' undefined
(Font)              using `TU/ptm/bx/n' instead on input line 361.


LaTeX Font Warning: Font shape `TU/ptm/b/n' undefined
(Font)              using `TU/ptm/bx/n' instead on input line 369.


Underfull \hbox (badness 1490) in paragraph at lines 369--370
 \TU/pcr/m/n/10 3) Optimization Configuration: [][][] Optimizer:
 []


LaTeX Font Warning: Font shape `TU/ptm/b/n' undefined
(Font)              using `TU/ptm/bx/n' instead on input line 371.


LaTeX Font Warning: Font shape `TU/ptm/b/n' undefined
(Font)              using `TU/ptm/bx/n' instead on input line 378.


LaTeX Font Warning: Font shape `TU/ptm/b/n' undefined
(Font)              using `TU/ptm/bx/n' instead on input line 390.




LaTeX Font Warning: Font shape `TU/ptm/b/n' undefined
(Font)              using `TU/ptm/bx/n' instead on input line 391.


LaTeX Font Warning: Font shape `TU/ptm/b/n' undefined
(Font)              using `TU/ptm/bx/n' instead on input line 392.


LaTeX Font Warning: Font shape `TU/ptm/b/n' undefined
(Font)              using `TU/ptm/bx/n' instead on input line 393.


LaTeX Font Warning: Font shape `TU/ptm/b/n' undefined
(Font)              using `TU/ptm/bx/n' instead on input line 394.


LaTeX Font Warning: Font shape `TU/ptm/b/n' undefined
(Font)              using `TU/ptm/bx/n' instead on input line 395.



[5]

LaTeX Font Warning: Font shape `TU/ptm/b/n' undefined
(Font)              using `TU/ptm/bx/n' instead on input line 444.


LaTeX Font Warning: Font shape `TU/ptm/b/n' undefined
(Font)              using `TU/ptm/bx/n' instead on input line 457.


LaTeX Font Warning: Font shape `TU/ptm/b/n' undefined
(Font)              using `TU/ptm/bx/n' instead on input line 465.


LaTeX Font Warning: Font shape `TU/ptm/b/n' undefined
(Font)              using `TU/ptm/bx/n' instead on input line 476.


LaTeX Font Warning: Font shape `TU/ptm/b/n' undefined
(Font)              using `TU/ptm/bx/n' instead on input line 478.


LaTeX Font Warning: Font shape `TU/ptm/b/n' undefined
(Font)              using `TU/ptm/bx/n' instead on input line 479.


LaTeX Font Warning: Font shape `TU/ptm/b/n' undefined
(Font)              using `TU/ptm/bx/n' instead on input line 480.


LaTeX Font Warning: Font shape `TU/ptm/b/n' undefined
(Font)              using `TU/ptm/bx/n' instead on input line 483.


LaTeX Font Warning: Font shape `TU/ptm/b/n' undefined
(Font)              using `TU/ptm/bx/n' instead on input line 485.


LaTeX Font Warning: Font shape `TU/ptm/b/n' undefined
(Font)              using `TU/ptm/bx/n' instead on input line 486.


LaTeX Font Warning: Font shape `TU/ptm/b/n' undefined
(Font)              using `TU/ptm/bx/n' instead on input line 487.




LaTeX Font Warning: Font shape `TU/ptm/b/n' undefined
(Font)              using `TU/ptm/bx/n' instead on input line 488.


LaTeX Font Warning: Font shape `TU/ptm/b/n' undefined
(Font)              using `TU/ptm/bx/n' instead on input line 494.


LaTeX Font Warning: Font shape `TU/ptm/b/n' undefined
(Font)              using `TU/ptm/bx/n' instead on input line 501.


Overfull \hbox (29.1818pt too wide) in paragraph at lines 516--527
 [][] 
 []


Overfull \hbox (146.1818pt too wide) in paragraph at lines 535--545
 [][] 
 []


LaTeX Font Warning: Font shape `TU/ptm/b/n' undefined
(Font)              using `TU/ptm/bx/n' instead on input line 550.


LaTeX Font Warning: Font shape `TU/ptm/b/n' undefined
(Font)              using `TU/ptm/bx/n' instead on input line 557.



[6]

LaTeX Font Warning: Font shape `TU/ptm/b/n' undefined
(Font)              using `TU/ptm/bx/n' instead on input line 564.


LaTeX Font Warning: Font shape `TU/ptm/b/n' undefined
(Font)              using `TU/ptm/bx/n' instead on input line 574.


LaTeX Font Warning: Font shape `TU/ptm/b/n' undefined
(Font)              using `TU/ptm/bx/n' instead on input line 575.


LaTeX Font Warning: Font shape `TU/ptm/b/n' undefined
(Font)              using `TU/ptm/bx/n' instead on input line 576.


LaTeX Font Warning: Font shape `TU/ptm/b/n' undefined
(Font)              using `TU/ptm/bx/n' instead on input line 577.


LaTeX Font Warning: Font shape `TU/ptm/b/n' undefined
(Font)              using `TU/ptm/bx/n' instead on input line 582.


LaTeX Font Warning: Font shape `TU/ptm/b/n' undefined
(Font)              using `TU/ptm/bx/n' instead on input line 590.


LaTeX Font Warning: Font shape `TU/ptm/b/n' undefined
(Font)              using `TU/ptm/bx/n' instead on input line 595.


LaTeX Font Warning: Font shape `TU/ptm/b/n' undefined
(Font)              using `TU/ptm/bx/n' instead on input line 596.


LaTeX Font Warning: Font shape `TU/ptm/b/n' undefined
(Font)              using `TU/ptm/bx/n' instead on input line 597.




LaTeX Font Warning: Font shape `TU/ptm/b/n' undefined
(Font)              using `TU/ptm/bx/n' instead on input line 598.


LaTeX Font Warning: Font shape `TU/ptm/b/n' undefined
(Font)              using `TU/ptm/bx/n' instead on input line 601.


Underfull \hbox (badness 4391) in paragraph at lines 608--609
[]\TU/pcr/m/n/10 Figure []1[] shows representative attention
 []

File: ../codes/pictures/q1_attention_examples.png Graphic file (type bmp)
<../codes/pictures/q1_attention_examples.png>

LaTeX Font Warning: Font shape `TU/ptm/b/n' undefined
(Font)              using `TU/ptm/bx/n' instead on input line 617.


LaTeX Font Warning: Font shape `TU/ptm/b/n' undefined
(Font)              using `TU/ptm/bx/n' instead on input line 619.


LaTeX Font Warning: Font shape `TU/ptm/b/n' undefined
(Font)              using `TU/ptm/bx/n' instead on input line 621.


Underfull \hbox (badness 5490) in paragraph at lines 621--622
\TU/pcr/m/n/10 the notebook ‘codes/notebooks/q1_-caption-
 []



[7]

LaTeX Font Warning: Font shape `TU/ptm/b/n' undefined
(Font)              using `TU/ptm/bx/n' instead on input line 623.


Underfull \hbox (badness 4518) in paragraph at lines 631--631
 \TU/pcr/m/n/10 J. Question 1.4-1.5: Contrastive Language-
 []


LaTeX Font Warning: Font shape `TU/ptm/b/n' undefined
(Font)              using `TU/ptm/bx/n' instead on input line 642.


LaTeX Font Warning: Font shape `TU/ptm/b/n' undefined
(Font)              using `TU/ptm/bx/n' instead on input line 651.




Overfull \hbox (12.00864pt too wide) detected at line 668
[]
 []


Overfull \hbox (28.40576pt too wide) in paragraph at lines 689--699
 [][] 
 []


LaTeX Font Warning: Font shape `TU/ptm/b/n' undefined
(Font)              using `TU/ptm/bx/n' instead on input line 701.



[8]

LaTeX Font Warning: Font shape `TU/ptm/b/n' undefined
(Font)              using `TU/ptm/bx/n' instead on input line 703.


LaTeX Font Warning: Font shape `TU/ptm/b/n' undefined
(Font)              using `TU/ptm/bx/n' instead on input line 705.


LaTeX Font Warning: Font shape `TU/ptm/b/n' undefined
(Font)              using `TU/ptm/bx/n' instead on input line 707.


Underfull \hbox (badness 3803) in paragraph at lines 707--708
\TU/pcr/m/n/10 proved zero-shot accuracy, indicating that
 []


LaTeX Font Warning: Font shape `TU/ptm/b/n' undefined
(Font)              using `TU/ptm/bx/n' instead on input line 709.

File: ../codes/pictures/q1_clip_retrieval.png Graphic file (type bmp)
<../codes/pictures/q1_clip_retrieval.png>

LaTeX Font Warning: Font shape `TU/ptm/b/n' undefined
(Font)              using `TU/ptm/bx/n' instead on input line 718.




Underfull \hbox (badness 4132) in paragraph at lines 728--729
[]\TU/ptm/m/sc/10 We evaluate retrieval (text->image and
 []



[9]

LaTeX Font Warning: Font shape `TU/ptm/b/n' undefined
(Font)              using `TU/ptm/bx/n' instead on input line 740.


LaTeX Font Warning: Font shape `TU/ptm/b/n' undefined
(Font)              using `TU/ptm/bx/n' instead on input line 741.


LaTeX Font Warning: Font shape `TU/ptm/b/n' undefined
(Font)              using `TU/ptm/bx/n' instead on input line 742.


LaTeX Font Warning: Font shape `TU/ptm/b/n' undefined
(Font)              using `TU/ptm/bx/n' instead on input line 743.


Overfull \hbox (20.07777pt too wide) in paragraph at lines 759--778
 [][] 
 []


Underfull \vbox (badness 7081) has occurred while \output is active []




LaTeX Font Warning: Font shape `TU/ptm/b/n' undefined
(Font)              using `TU/ptm/bx/n' instead on input line 783.


LaTeX Font Warning: Font shape `TU/ptm/b/n' undefined
(Font)              using `TU/ptm/bx/n' instead on input line 785.


LaTeX Font Warning: Font shape `TU/ptm/b/n' undefined
(Font)              using `TU/ptm/bx/n' instead on input line 786.


LaTeX Font Warning: Font shape `TU/ptm/b/n' undefined
(Font)              using `TU/ptm/bx/n' instead on input line 787.


LaTeX Font Warning: Font shape `TU/ptm/b/n' undefined
(Font)              using `TU/ptm/bx/n' instead on input line 788.


LaTeX Font Warning: Font shape `TU/ptm/b/n' undefined
(Font)              using `TU/ptm/bx/n' instead on input line 791.


LaTeX Font Warning: Font shape `TU/ptm/b/n' undefined
(Font)              using `TU/ptm/bx/n' instead on input line 793.


Underfull \hbox (badness 1558) in paragraph at lines 793--794
[]\TU/ptm/m/sc/10 Transient Sounds: Car horns, gunshots
 []


LaTeX Font Warning: Font shape `TU/ptm/b/n' undefined
(Font)              using `TU/ptm/bx/n' instead on input line 794.


LaTeX Font Warning: Font shape `TU/ptm/b/n' undefined
(Font)              using `TU/ptm/bx/n' instead on input line 795.


LaTeX Font Warning: Font shape `TU/ptm/b/n' undefined
(Font)              using `TU/ptm/bx/n' instead on input line 796.


LaTeX Font Warning: Font shape `TU/ptm/b/n' undefined
(Font)              using `TU/ptm/bx/n' instead on input line 806.


LaTeX Font Warning: Font shape `TU/ptm/b/n' undefined
(Font)              using `TU/ptm/bx/n' instead on input line 807.


LaTeX Font Warning: Font shape `TU/ptm/b/n' undefined
(Font)              using `TU/ptm/bx/n' instead on input line 808.


LaTeX Font Warning: Font shape `TU/ptm/b/n' undefined
(Font)              using `TU/ptm/bx/n' instead on input line 809.


LaTeX Font Warning: Font shape `TU/ptm/b/n' undefined
(Font)              using `TU/ptm/bx/n' instead on input line 817.



[10]

LaTeX Font Warning: Font shape `TU/ptm/b/n' undefined
(Font)              using `TU/ptm/bx/n' instead on input line 827.


LaTeX Font Warning: Font shape `TU/ptm/b/n' undefined
(Font)              using `TU/ptm/bx/n' instead on input line 837.


LaTeX Font Warning: Font shape `TU/ptm/b/n' undefined
(Font)              using `TU/ptm/bx/n' instead on input line 839.


LaTeX Font Warning: Font shape `TU/ptm/b/n' undefined
(Font)              using `TU/ptm/bx/n' instead on input line 840.


LaTeX Font Warning: Font shape `TU/ptm/b/n' undefined
(Font)              using `TU/ptm/bx/n' instead on input line 841.


LaTeX Font Warning: Font shape `TU/ptm/b/n' undefined
(Font)              using `TU/ptm/bx/n' instead on input line 842.


LaTeX Font Warning: Font shape `TU/ptm/b/n' undefined
(Font)              using `TU/ptm/bx/n' instead on input line 845.


LaTeX Font Warning: Font shape `TU/ptm/b/n' undefined
(Font)              using `TU/ptm/bx/n' instead on input line 847.


Underfull \hbox (badness 2253) in paragraph at lines 847--848
[]\TU/ptm/m/sc/10 Frequency Masking: Random frequency
 []


LaTeX Font Warning: Font shape `TU/ptm/b/n' undefined
(Font)              using `TU/ptm/bx/n' instead on input line 848.


LaTeX Font Warning: Font shape `TU/ptm/b/n' undefined
(Font)              using `TU/ptm/bx/n' instead on input line 849.


Overfull \hbox (119.78178pt too wide) in paragraph at lines 863--883
 [][] 
 []


Underfull \vbox (badness 10000) has occurred while \output is active []




LaTeX Font Warning: Font shape `TU/ptm/b/n' undefined
(Font)              using `TU/ptm/bx/n' instead on input line 888.


Underfull \hbox (badness 2359) in paragraph at lines 890--891
[]\TU/ptm/m/sc/10 Optimizer: AdamW ($\OML/cmm/m/it/10 ^^L[] \OT1/cmr/m/n/10 = 0
\OML/cmm/m/it/10 :\OT1/cmr/m/n/10 9\OML/cmm/m/it/10 ; ^^L[] \OT1/cmr/m/n/10 =
 []


LaTeX Font Warning: Font shape `TU/ptm/b/n' undefined
(Font)              using `TU/ptm/bx/n' instead on input line 896.


LaTeX Font Warning: Font shape `TU/ptm/b/n' undefined
(Font)              using `TU/ptm/bx/n' instead on input line 906.


LaTeX Font Warning: Font shape `TU/ptm/b/n' undefined
(Font)              using `TU/ptm/bx/n' instead on input line 911.


LaTeX Font Warning: Font shape `TU/ptm/b/n' undefined
(Font)              using `TU/ptm/bx/n' instead on input line 927.


LaTeX Font Warning: Font shape `TU/ptm/b/n' undefined
(Font)              using `TU/ptm/bx/n' instead on input line 934.



[11]

LaTeX Font Warning: Font shape `TU/ptm/b/n' undefined
(Font)              using `TU/ptm/bx/n' instead on input line 945.


LaTeX Font Warning: Font shape `TU/ptm/b/n' undefined
(Font)              using `TU/ptm/bx/n' instead on input line 950.


LaTeX Font Warning: Font shape `TU/ptm/b/n' undefined
(Font)              using `TU/ptm/bx/n' instead on input line 958.


LaTeX Font Warning: Font shape `TU/ptm/b/n' undefined
(Font)              using `TU/ptm/bx/n' instead on input line 958.


LaTeX Font Warning: Font shape `TU/ptm/b/n' undefined
(Font)              using `TU/ptm/bx/n' instead on input line 958.


LaTeX Font Warning: Font shape `TU/ptm/b/n' undefined
(Font)              using `TU/ptm/bx/n' instead on input line 960.


LaTeX Font Warning: Font shape `TU/ptm/b/n' undefined
(Font)              using `TU/ptm/bx/n' instead on input line 962.


LaTeX Font Warning: Font shape `TU/ptm/b/n' undefined
(Font)              using `TU/ptm/bx/n' instead on input line 963.


LaTeX Font Warning: Font shape `TU/ptm/b/n' undefined
(Font)              using `TU/ptm/bx/n' instead on input line 964.


LaTeX Font Warning: Font shape `TU/ptm/b/n' undefined
(Font)              using `TU/ptm/bx/n' instead on input line 967.




LaTeX Font Warning: Font shape `TU/ptm/b/n' undefined
(Font)              using `TU/ptm/bx/n' instead on input line 973.


LaTeX Font Warning: Font shape `TU/ptm/b/n' undefined
(Font)              using `TU/ptm/bx/n' instead on input line 982.


LaTeX Font Warning: Font shape `TU/ptm/b/n' undefined
(Font)              using `TU/ptm/bx/n' instead on input line 985.


LaTeX Font Warning: Font shape `TU/ptm/b/n' undefined
(Font)              using `TU/ptm/bx/n' instead on input line 992.


LaTeX Font Warning: Font shape `TU/ptm/b/n' undefined
(Font)              using `TU/ptm/bx/n' instead on input line 999.


LaTeX Font Warning: Font shape `TU/ptm/b/n' undefined
(Font)              using `TU/ptm/bx/n' instead on input line 1013.


Underfull \hbox (badness 10000) in paragraph at lines 1013--1015
\TU/ptm/m/sc/10 UrbanSound8K provides 10-fold cross-
 []


LaTeX Font Warning: Font shape `TU/ptm/b/n' undefined
(Font)              using `TU/ptm/bx/n' instead on input line 1020.


Overfull \hbox (33.70976pt too wide) in paragraph at lines 1024--1035
 [][] 
 []



[12]

LaTeX Font Warning: Font shape `TU/ptm/b/n' undefined
(Font)              using `TU/ptm/bx/n' instead on input line 1037.


Overfull \hbox (71.69377pt too wide) in paragraph at lines 1045--1056
 [][] 
 []


LaTeX Font Warning: Font shape `TU/ptm/b/n' undefined
(Font)              using `TU/ptm/bx/n' instead on input line 1058.


Underfull \hbox (badness 3557) in paragraph at lines 1058--1059
 \TU/ptm/m/sc/10 2) Performance Results: [][][] Discussion: The
 []


LaTeX Font Warning: Font shape `TU/ptm/b/n' undefined
(Font)              using `TU/ptm/bx/n' instead on input line 1060.




LaTeX Font Warning: Font shape `TU/ptm/b/n' undefined
(Font)              using `TU/ptm/bx/n' instead on input line 1062.


Underfull \hbox (badness 1975) in paragraph at lines 1066--1067
[]\TU/ptm/m/sc/10 Fine-tuning depth: For Wav2Vec, fine-
 []


LaTeX Font Warning: Font shape `TU/ptm/b/n' undefined
(Font)              using `TU/ptm/bx/n' instead on input line 1069.


Underfull \hbox (badness 4303) in paragraph at lines 1069--1070
\TU/ptm/m/sc/10 and the interactive demo is ‘codes/note-
 []


Underfull \hbox (badness 1460) in paragraph at lines 1069--1070
\TU/ptm/m/sc/10 books/q2_-urban_-sound_-demo.ipynb‘. Figures
 []


Underfull \hbox (badness 4805) in paragraph at lines 1069--1070
\TU/ptm/m/sc/10 ‘../codes/pictures/‘ with names like ‘q2_-
 []


Underfull \hbox (badness 1946) in paragraph at lines 1069--1070
\TU/ptm/m/sc/10 cnn_-training_-results_-<timestamp>.png‘ and
 []


Underfull \hbox (badness 1389) in paragraph at lines 1069--1070
\TU/ptm/m/sc/10 ‘q2_-confusion_-matrix_-<timestamp>.png‘ for
 []


Underfull \hbox (badness 8038) in paragraph at lines 1069--1070
\TU/ptm/m/sc/10 easy inclusion in the report. Run the
 []


Overfull \hbox (281.98769pt too wide) in paragraph at lines 1073--1073
[]\TU/ptm/m/sc/10 \IfFileExists{../codes/pictures/q2_figures_includes.tex}{\inp
ut{../codes/pictures/q2_figures_includes.tex}}{}[] 
 []

File: ../codes/pictures/q2_cnn_training_results_example.png Graphic file (type 
bmp)
<../codes/pictures/q2_cnn_training_results_example.png>
File: ../codes/pictures/q2_confusion_matrix_example.png Graphic file (type bmp)

<../codes/pictures/q2_confusion_matrix_example.png>

LaTeX Font Warning: Font shape `TU/ptm/b/n' undefined
(Font)              using `TU/ptm/bx/n' instead on input line 1089.


Underfull \hbox (badness 6252) in paragraph at lines 1093--1094
[]\TU/ptm/m/sc/10 Evaluate with stratified k-fold cross-
 []


Overfull \hbox (107.2218pt too wide) in paragraph at lines 1102--1121
 [][] 
 []


Underfull \vbox (badness 10000) has occurred while \output is active []



[13]
Underfull \vbox (badness 10000) has occurred while \output is active []




LaTeX Font Warning: Font shape `TU/ptm/b/n' undefined
(Font)              using `TU/ptm/bx/n' instead on input line 1126.


LaTeX Font Warning: Font shape `TU/ptm/b/n' undefined
(Font)              using `TU/ptm/bx/n' instead on input line 1133.


LaTeX Font Warning: Font shape `TU/ptm/b/n' undefined
(Font)              using `TU/ptm/bx/n' instead on input line 1141.


LaTeX Font Warning: Font shape `TU/ptm/b/n' undefined
(Font)              using `TU/ptm/bx/n' instead on input line 1152.


Underfull \hbox (badness 2302) in paragraph at lines 1152--1154
 \TU/ptm/m/sc/10 5) Computational Analysis: [][][] Training Re-
 []


LaTeX Font Warning: Font shape `TU/ptm/b/n' undefined
(Font)              using `TU/ptm/bx/n' instead on input line 1160.



[14]

LaTeX Font Warning: Font shape `TU/ptm/b/n' undefined
(Font)              using `TU/ptm/bx/n' instead on input line 1171.


LaTeX Font Warning: Font shape `TU/ptm/b/n' undefined
(Font)              using `TU/ptm/bx/n' instead on input line 1173.


LaTeX Font Warning: Font shape `TU/ptm/b/n' undefined
(Font)              using `TU/ptm/bx/n' instead on input line 1174.


LaTeX Font Warning: Font shape `TU/ptm/b/n' undefined
(Font)              using `TU/ptm/bx/n' instead on input line 1175.


LaTeX Font Warning: Font shape `TU/ptm/b/n' undefined
(Font)              using `TU/ptm/bx/n' instead on input line 1176.


LaTeX Font Warning: Font shape `TU/ptm/b/n' undefined
(Font)              using `TU/ptm/bx/n' instead on input line 1179.


LaTeX Font Warning: Font shape `TU/ptm/b/n' undefined
(Font)              using `TU/ptm/bx/n' instead on input line 1181.


LaTeX Font Warning: Font shape `TU/ptm/b/n' undefined
(Font)              using `TU/ptm/bx/n' instead on input line 1182.


LaTeX Font Warning: Font shape `TU/ptm/b/n' undefined
(Font)              using `TU/ptm/bx/n' instead on input line 1183.


LaTeX Font Warning: Font shape `TU/ptm/b/n' undefined
(Font)              using `TU/ptm/bx/n' instead on input line 1189.


LaTeX Font Warning: Font shape `TU/ptm/b/n' undefined
(Font)              using `TU/ptm/bx/n' instead on input line 1191.


Underfull \hbox (badness 3098) in paragraph at lines 1191--1192
[]\TU/ptm/m/sc/10 Transient sounds (gunshot, car horn):
 []


LaTeX Font Warning: Font shape `TU/ptm/b/n' undefined
(Font)              using `TU/ptm/bx/n' instead on input line 1192.


LaTeX Font Warning: Font shape `TU/ptm/b/n' undefined
(Font)              using `TU/ptm/bx/n' instead on input line 1193.


LaTeX Font Warning: Font shape `TU/ptm/b/n' undefined
(Font)              using `TU/ptm/bx/n' instead on input line 1194.


LaTeX Font Warning: Font shape `TU/ptm/b/n' undefined
(Font)              using `TU/ptm/bx/n' instead on input line 1205.


Underfull \hbox (badness 10000) in paragraph at lines 1205--1207
 \TU/ptm/m/sc/10 1) LoRA Mathematical Foundation: [][][]
 []


Underfull \hbox (badness 10000) in paragraph at lines 1205--1207
\TU/ptm/m/sc/10 Parameter-Efficient Fine-tuning Problem:
 []


LaTeX Font Warning: Font shape `TU/ptm/b/n' undefined
(Font)              using `TU/ptm/bx/n' instead on input line 1208.




LaTeX Font Warning: Font shape `TU/ptm/b/n' undefined
(Font)              using `TU/ptm/bx/n' instead on input line 1219.


LaTeX Font Warning: Font shape `TU/ptm/b/n' undefined
(Font)              using `TU/ptm/bx/n' instead on input line 1230.


LaTeX Font Warning: Font shape `TU/ptm/b/n' undefined
(Font)              using `TU/ptm/bx/n' instead on input line 1239.


LaTeX Font Warning: Font shape `TU/ptm/b/n' undefined
(Font)              using `TU/ptm/bx/n' instead on input line 1240.


LaTeX Font Warning: Font shape `TU/ptm/b/n' undefined
(Font)              using `TU/ptm/bx/n' instead on input line 1241.


LaTeX Font Warning: Font shape `TU/ptm/b/n' undefined
(Font)              using `TU/ptm/bx/n' instead on input line 1242.


Overfull \hbox (126.21379pt too wide) in paragraph at lines 1250--1260
 [][] 
 []


LaTeX Font Warning: Font shape `TU/ptm/b/n' undefined
(Font)              using `TU/ptm/bx/n' instead on input line 1262.


LaTeX Font Warning: Font shape `TU/ptm/b/n' undefined
(Font)              using `TU/ptm/bx/n' instead on input line 1272.


Underfull \hbox (badness 10000) in paragraph at lines 1272--1274
[]\TU/ptm/m/sc/10 Parameter-Efficient Fine-tuning Problem:
 []


LaTeX Font Warning: Font shape `TU/ptm/b/n' undefined
(Font)              using `TU/ptm/bx/n' instead on input line 1275.



[15]

LaTeX Font Warning: Font shape `TU/ptm/b/n' undefined
(Font)              using `TU/ptm/bx/n' instead on input line 1286.


LaTeX Font Warning: Font shape `TU/ptm/b/n' undefined
(Font)              using `TU/ptm/bx/n' instead on input line 1297.


LaTeX Font Warning: Font shape `TU/ptm/b/n' undefined
(Font)              using `TU/ptm/bx/n' instead on input line 1308.


LaTeX Font Warning: Font shape `TU/ptm/b/n' undefined
(Font)              using `TU/ptm/bx/n' instead on input line 1310.


LaTeX Font Warning: Font shape `TU/ptm/b/n' undefined
(Font)              using `TU/ptm/bx/n' instead on input line 1311.


LaTeX Font Warning: Font shape `TU/ptm/b/n' undefined
(Font)              using `TU/ptm/bx/n' instead on input line 1312.


LaTeX Font Warning: Font shape `TU/ptm/b/n' undefined
(Font)              using `TU/ptm/bx/n' instead on input line 1313.


LaTeX Font Warning: Font shape `TU/ptm/b/n' undefined
(Font)              using `TU/ptm/bx/n' instead on input line 1316.


LaTeX Font Warning: Font shape `TU/ptm/b/n' undefined
(Font)              using `TU/ptm/bx/n' instead on input line 1327.


(/opt/homebrew/Cellar/texlive/20250308_2/share/texmf-dist/tex/latex/listings/ls
tlang1.sty
File: lstlang1.sty 2024/09/23 1.10c listings language file
)
Underfull \hbox (badness 10000) in paragraph at lines 1327--1328
 \TU/ptm/m/sc/10 3) Implementation Architecture: [][][] LoRA
 []


LaTeX Font Warning: Font shape `TU/pcr/b/n' undefined
(Font)              using `TU/pcr/m/n' instead on input line 1329.




LaTeX Font Warning: Font shape `TU/pcr/m/it' undefined
(Font)              using `TU/pcr/m/n' instead on input line 1332.


LaTeX Font Warning: Font shape `TU/ptm/b/n' undefined
(Font)              using `TU/ptm/bx/n' instead on input line 1357.


LaTeX Font Warning: Font shape `TU/ptm/b/n' undefined
(Font)              using `TU/ptm/bx/n' instead on input line 1366.



[16]

LaTeX Font Warning: Font shape `TU/ptm/b/n' undefined
(Font)              using `TU/ptm/bx/n' instead on input line 1382.


Underfull \hbox (badness 5637) in paragraph at lines 1384--1385
[]\TU/ptm/m/sc/10 Use an 8-bit optimizer (bitsandbytes
 []


Underfull \hbox (badness 3713) in paragraph at lines 1387--1388
[]\TU/ptm/m/sc/10 Monitor adapter-specific metrics: track
 []


LaTeX Font Warning: Font shape `TU/ptm/b/n' undefined
(Font)              using `TU/ptm/bx/n' instead on input line 1390.


Underfull \hbox (badness 10000) in paragraph at lines 1390--1391
\TU/ptm/m/sc/10 ‘peft_-model.save_-pretrained(out_-dir)‘ stores
 []


Underfull \hbox (badness 2961) in paragraph at lines 1390--1391
\TU/ptm/m/sc/10 only the adapter weights and config. To
 []


Underfull \hbox (badness 10000) in paragraph at lines 1390--1391
\TU/ptm/m/sc/10 create a single deployable model, use
 []


Underfull \hbox (badness 10000) in paragraph at lines 1390--1391
\TU/ptm/m/sc/10 ‘peft_-model.merge_-and_-unload()‘ (or the
 []


LaTeX Font Warning: Font shape `TU/ptm/b/n' undefined
(Font)              using `TU/ptm/bx/n' instead on input line 1392.


LaTeX Font Warning: Font shape `TU/ptm/b/n' undefined
(Font)              using `TU/ptm/bx/n' instead on input line 1399.


Underfull \hbox (badness 3884) in paragraph at lines 1402--1403
\TU/ptm/m/sc/10 MB), enabling shipping multiple task
 []


Underfull \hbox (badness 1776) in paragraph at lines 1403--1404
\TU/ptm/m/sc/10 are quantized and adapters remain in
 []




LaTeX Font Warning: Font shape `TU/ptm/b/n' undefined
(Font)              using `TU/ptm/bx/n' instead on input line 1406.


LaTeX Font Warning: Font shape `TU/ptm/b/n' undefined
(Font)              using `TU/ptm/bx/n' instead on input line 1414.


LaTeX Font Warning: Font shape `TU/ptm/b/n' undefined
(Font)              using `TU/ptm/bx/n' instead on input line 1417.


LaTeX Font Warning: Font shape `TU/ptm/b/n' undefined
(Font)              using `TU/ptm/bx/n' instead on input line 1418.


LaTeX Font Warning: Font shape `TU/ptm/b/n' undefined
(Font)              using `TU/ptm/bx/n' instead on input line 1419.


Underfull \hbox (badness 10000) in paragraph at lines 1419--1420
[]\TU/ptm/m/sc/10 Formatting: Consistent instruction-
 []


LaTeX Font Warning: Font shape `TU/ptm/b/n' undefined
(Font)              using `TU/ptm/bx/n' instead on input line 1422.


LaTeX Font Warning: Font shape `TU/ptm/b/n' undefined
(Font)              using `TU/ptm/bx/n' instead on input line 1424.


LaTeX Font Warning: Font shape `TU/ptm/b/n' undefined
(Font)              using `TU/ptm/bx/n' instead on input line 1425.


LaTeX Font Warning: Font shape `TU/ptm/b/n' undefined
(Font)              using `TU/ptm/bx/n' instead on input line 1426.


LaTeX Font Warning: Font shape `TU/ptm/b/n' undefined
(Font)              using `TU/ptm/bx/n' instead on input line 1427.


LaTeX Font Warning: Font shape `TU/ptm/b/n' undefined
(Font)              using `TU/ptm/bx/n' instead on input line 1433.


LaTeX Font Warning: Font shape `TU/ptm/b/n' undefined
(Font)              using `TU/ptm/bx/n' instead on input line 1435.


LaTeX Font Warning: Font shape `TU/ptm/b/n' undefined
(Font)              using `TU/ptm/bx/n' instead on input line 1436.


LaTeX Font Warning: Font shape `TU/ptm/b/n' undefined
(Font)              using `TU/ptm/bx/n' instead on input line 1437.


Underfull \hbox (badness 10000) in paragraph at lines 1437--1438
[]\TU/ptm/m/sc/10 Chain-of-thought: Encourage reasoning
 []


LaTeX Font Warning: Font shape `TU/ptm/b/n' undefined
(Font)              using `TU/ptm/bx/n' instead on input line 1438.


LaTeX Font Warning: Font shape `TU/ptm/b/n' undefined
(Font)              using `TU/ptm/bx/n' instead on input line 1441.


LaTeX Font Warning: Font shape `TU/ptm/b/n' undefined
(Font)              using `TU/ptm/bx/n' instead on input line 1451.


LaTeX Font Warning: Font shape `TU/ptm/b/n' undefined
(Font)              using `TU/ptm/bx/n' instead on input line 1453.


LaTeX Font Warning: Font shape `TU/ptm/b/n' undefined
(Font)              using `TU/ptm/bx/n' instead on input line 1454.


LaTeX Font Warning: Font shape `TU/ptm/b/n' undefined
(Font)              using `TU/ptm/bx/n' instead on input line 1455.


LaTeX Font Warning: Font shape `TU/ptm/b/n' undefined
(Font)              using `TU/ptm/bx/n' instead on input line 1456.


LaTeX Font Warning: Font shape `TU/ptm/b/n' undefined
(Font)              using `TU/ptm/bx/n' instead on input line 1459.


LaTeX Font Warning: Font shape `TU/ptm/b/n' undefined
(Font)              using `TU/ptm/bx/n' instead on input line 1461.



[17]

LaTeX Font Warning: Font shape `TU/ptm/b/n' undefined
(Font)              using `TU/ptm/bx/n' instead on input line 1462.


LaTeX Font Warning: Font shape `TU/ptm/b/n' undefined
(Font)              using `TU/ptm/bx/n' instead on input line 1463.


LaTeX Font Warning: Font shape `TU/ptm/b/n' undefined
(Font)              using `TU/ptm/bx/n' instead on input line 1464.


Underfull \hbox (badness 2245) in paragraph at lines 1467--1467
 \TU/ptm/m/sc/10 J. Question 3.3: Experimental Results and
 []


LaTeX Font Warning: Font shape `TU/ptm/b/n' undefined
(Font)              using `TU/ptm/bx/n' instead on input line 1473.


Overfull \hbox (178.26181pt too wide) in paragraph at lines 1478--1489
 [][] 
 []


LaTeX Font Warning: Font shape `TU/ptm/b/n' undefined
(Font)              using `TU/ptm/bx/n' instead on input line 1491.


LaTeX Font Warning: Font shape `TU/ptm/b/n' undefined
(Font)              using `TU/ptm/bx/n' instead on input line 1502.


Underfull \hbox (badness 1694) in paragraph at lines 1505--1506
[]\TU/ptm/m/sc/10 r=8: 86.1% accuracy, 8.4M parameters
 []


LaTeX Font Warning: Font shape `TU/ptm/b/n' undefined
(Font)              using `TU/ptm/bx/n' instead on input line 1510.


LaTeX Font Warning: Font shape `TU/ptm/b/n' undefined
(Font)              using `TU/ptm/bx/n' instead on input line 1518.




LaTeX Font Warning: Font shape `TU/ptm/b/n' undefined
(Font)              using `TU/ptm/bx/n' instead on input line 1529.


LaTeX Font Warning: Font shape `TU/ptm/b/n' undefined
(Font)              using `TU/ptm/bx/n' instead on input line 1531.


LaTeX Font Warning: Font shape `TU/ptm/b/n' undefined
(Font)              using `TU/ptm/bx/n' instead on input line 1532.


LaTeX Font Warning: Font shape `TU/ptm/b/n' undefined
(Font)              using `TU/ptm/bx/n' instead on input line 1533.


LaTeX Font Warning: Font shape `TU/ptm/b/n' undefined
(Font)              using `TU/ptm/bx/n' instead on input line 1534.


LaTeX Font Warning: Font shape `TU/ptm/b/n' undefined
(Font)              using `TU/ptm/bx/n' instead on input line 1537.


LaTeX Font Warning: Font shape `TU/ptm/b/n' undefined
(Font)              using `TU/ptm/bx/n' instead on input line 1539.


LaTeX Font Warning: Font shape `TU/ptm/b/n' undefined
(Font)              using `TU/ptm/bx/n' instead on input line 1540.


LaTeX Font Warning: Font shape `TU/ptm/b/n' undefined
(Font)              using `TU/ptm/bx/n' instead on input line 1541.


Underfull \hbox (badness 1478) in paragraph at lines 1541--1542
[]\TU/ptm/m/sc/10 Compatibility: Works with quantization
 []


LaTeX Font Warning: Font shape `TU/ptm/b/n' undefined
(Font)              using `TU/ptm/bx/n' instead on input line 1547.


LaTeX Font Warning: Font shape `TU/ptm/b/n' undefined
(Font)              using `TU/ptm/bx/n' instead on input line 1549.


LaTeX Font Warning: Font shape `TU/ptm/b/n' undefined
(Font)              using `TU/ptm/bx/n' instead on input line 1551.


LaTeX Font Warning: Font shape `TU/ptm/b/n' undefined
(Font)              using `TU/ptm/bx/n' instead on input line 1552.


LaTeX Font Warning: Font shape `TU/ptm/b/n' undefined
(Font)              using `TU/ptm/bx/n' instead on input line 1555.



[18]

LaTeX Font Warning: Font shape `TU/ptm/b/n' undefined
(Font)              using `TU/ptm/bx/n' instead on input line 1566.


LaTeX Font Warning: Font shape `TU/ptm/b/n' undefined
(Font)              using `TU/ptm/bx/n' instead on input line 1568.


LaTeX Font Warning: Font shape `TU/ptm/b/n' undefined
(Font)              using `TU/ptm/bx/n' instead on input line 1569.


LaTeX Font Warning: Font shape `TU/ptm/b/n' undefined
(Font)              using `TU/ptm/bx/n' instead on input line 1570.


Underfull \hbox (badness 7151) in paragraph at lines 1570--1571
[]\TU/ptm/m/sc/10 Composition: Merging multiple LoRA
 []


LaTeX Font Warning: Font shape `TU/ptm/b/n' undefined
(Font)              using `TU/ptm/bx/n' instead on input line 1571.


LaTeX Font Warning: Font shape `TU/ptm/b/n' undefined
(Font)              using `TU/ptm/bx/n' instead on input line 1574.


LaTeX Font Warning: Font shape `TU/ptm/b/n' undefined
(Font)              using `TU/ptm/bx/n' instead on input line 1576.


LaTeX Font Warning: Font shape `TU/ptm/b/n' undefined
(Font)              using `TU/ptm/bx/n' instead on input line 1577.


LaTeX Font Warning: Font shape `TU/ptm/b/n' undefined
(Font)              using `TU/ptm/bx/n' instead on input line 1578.


LaTeX Font Warning: Font shape `TU/ptm/b/n' undefined
(Font)              using `TU/ptm/bx/n' instead on input line 1579.


Overfull \hbox (10.6011pt too wide) detected at line 1597
[][][]\OML/cmm/m/it/10 x[] \OT1/cmr/m/n/10 = \OML/cmm/m/it/10 x \OT1/cmr/m/n/10
 + \OML/cmm/m/it/10 ^^N;  \OMS/cmsy/m/n/10 k\OML/cmm/m/it/10 ^^N\OMS/cmsy/m/n/1
0 k[] ^^T \OML/cmm/m/it/10 ^^O;  f\OT1/cmr/m/n/10 (\OML/cmm/m/it/10 x\OT1/cmr/m
/n/10 ) = \OML/cmm/m/it/10 y;  f\OT1/cmr/m/n/10 (\OML/cmm/m/it/10 x[]\OT1/cmr/m
/n/10 ) \OMS/cmsy/m/n/10 6\OT1/cmr/m/n/10 = \OML/cmm/m/it/10 y
 []




LaTeX Font Warning: Font shape `TU/ptm/b/n' undefined
(Font)              using `TU/ptm/bx/n' instead on input line 1612.


LaTeX Font Warning: Font shape `TU/ptm/b/n' undefined
(Font)              using `TU/ptm/bx/n' instead on input line 1613.


LaTeX Font Warning: Font shape `TU/ptm/b/n' undefined
(Font)              using `TU/ptm/bx/n' instead on input line 1614.


LaTeX Font Warning: Font shape `TU/ptm/b/n' undefined
(Font)              using `TU/ptm/bx/n' instead on input line 1620.


LaTeX Font Warning: Font shape `TU/ptm/b/n' undefined
(Font)              using `TU/ptm/bx/n' instead on input line 1621.


LaTeX Font Warning: Font shape `TU/ptm/b/n' undefined
(Font)              using `TU/ptm/bx/n' instead on input line 1622.

Package hyperref Info: bookmark level for unknown algorithm defaults to 0 on in
put line 1648.

LaTeX Font Warning: Font shape `TU/ptm/b/n' undefined
(Font)              using `TU/ptm/bx/n' instead on input line 1648.


LaTeX Font Warning: Font shape `TU/ptm/b/n' undefined
(Font)              using `TU/ptm/bx/n' instead on input line 1648.


LaTeX Font Warning: Font shape `TU/ptm/b/n' undefined
(Font)              using `TU/ptm/bx/n' instead on input line 1648.


LaTeX Font Warning: Font shape `TU/ptm/b/n' undefined
(Font)              using `TU/ptm/bx/n' instead on input line 1648.


LaTeX Font Warning: Font shape `TU/ptm/b/n' undefined
(Font)              using `TU/ptm/bx/n' instead on input line 1650.


Underfull \hbox (badness 10000) in paragraph at lines 1655--1656
[]\TU/ptm/m/sc/10 Clip to valid range: $\OML/cmm/m/it/10 x[] \OT1/cmr/m/n/10 =
 []


LaTeX Font Warning: Font shape `TU/ptm/b/n' undefined
(Font)              using `TU/ptm/bx/n' instead on input line 1656.


LaTeX Font Warning: Font shape `TU/ptm/b/n' undefined
(Font)              using `TU/ptm/bx/n' instead on input line 1663.



[19]

LaTeX Font Warning: Font shape `TU/ptm/b/n' undefined
(Font)              using `TU/ptm/bx/n' instead on input line 1670.


LaTeX Font Warning: Font shape `TU/ptm/b/n' undefined
(Font)              using `TU/ptm/bx/n' instead on input line 1696.


LaTeX Font Warning: Font shape `TU/ptm/b/n' undefined
(Font)              using `TU/ptm/bx/n' instead on input line 1696.


LaTeX Font Warning: Font shape `TU/ptm/b/n' undefined
(Font)              using `TU/ptm/bx/n' instead on input line 1696.


LaTeX Font Warning: Font shape `TU/ptm/b/n' undefined
(Font)              using `TU/ptm/bx/n' instead on input line 1696.


LaTeX Font Warning: Font shape `TU/ptm/b/n' undefined
(Font)              using `TU/ptm/bx/n' instead on input line 1698.


LaTeX Font Warning: Font shape `TU/ptm/b/n' undefined
(Font)              using `TU/ptm/bx/n' instead on input line 1700.


LaTeX Font Warning: Font shape `TU/ptm/b/n' undefined
(Font)              using `TU/ptm/bx/n' instead on input line 1700.


LaTeX Font Warning: Font shape `TU/ptm/b/n' undefined
(Font)              using `TU/ptm/bx/n' instead on input line 1705.


LaTeX Font Warning: Font shape `TU/ptm/b/n' undefined
(Font)              using `TU/ptm/bx/n' instead on input line 1705.


LaTeX Font Warning: Font shape `TU/ptm/b/n' undefined
(Font)              using `TU/ptm/bx/n' instead on input line 1706.


LaTeX Font Warning: Font shape `TU/ptm/b/n' undefined
(Font)              using `TU/ptm/bx/n' instead on input line 1715.


LaTeX Font Warning: Font shape `TU/ptm/b/n' undefined
(Font)              using `TU/ptm/bx/n' instead on input line 1716.


LaTeX Font Warning: Font shape `TU/ptm/b/n' undefined
(Font)              using `TU/ptm/bx/n' instead on input line 1717.


LaTeX Font Warning: Font shape `TU/ptm/b/n' undefined
(Font)              using `TU/ptm/bx/n' instead on input line 1718.




LaTeX Font Warning: Font shape `TU/ptm/b/n' undefined
(Font)              using `TU/ptm/bx/n' instead on input line 1743.


LaTeX Font Warning: Font shape `TU/ptm/b/n' undefined
(Font)              using `TU/ptm/bx/n' instead on input line 1750.


LaTeX Font Warning: Font shape `TU/ptm/b/n' undefined
(Font)              using `TU/ptm/bx/n' instead on input line 1763.


Overfull \hbox (7.63701pt too wide) detected at line 1766
[][][]\OML/cmm/m/it/10 ASR \OT1/cmr/m/n/10 = [] [] \U/msb/m/n/10 I\OT1/cmr/m/n/
10 [\OML/cmm/m/it/10 f\OT1/cmr/m/n/10 (\OML/cmm/m/it/10 x[]\OT1/cmr/m/n/10 ) \O
MS/cmsy/m/n/10 6\OT1/cmr/m/n/10 = \OML/cmm/m/it/10 y \OMS/cmsy/m/n/10 ^ \OML/cm
m/m/it/10 f\OT1/cmr/m/n/10 (\OML/cmm/m/it/10 x\OT1/cmr/m/n/10 ) = \OML/cmm/m/it
/10 y\OT1/cmr/m/n/10 ]
 []


LaTeX Font Warning: Font shape `TU/ptm/b/n' undefined
(Font)              using `TU/ptm/bx/n' instead on input line 1768.


LaTeX Font Warning: Font shape `TU/ptm/b/n' undefined
(Font)              using `TU/ptm/bx/n' instead on input line 1773.


Overfull \hbox (77.89381pt too wide) in paragraph at lines 1784--1797
 [][] 
 []


LaTeX Font Warning: Font shape `TU/ptm/b/n' undefined
(Font)              using `TU/ptm/bx/n' instead on input line 1799.



[20]

LaTeX Font Warning: Font shape `TU/ptm/b/n' undefined
(Font)              using `TU/ptm/bx/n' instead on input line 1801.


LaTeX Font Warning: Font shape `TU/ptm/b/n' undefined
(Font)              using `TU/ptm/bx/n' instead on input line 1803.


Underfull \hbox (badness 2012) in paragraph at lines 1807--1808
[]\TU/ptm/m/sc/10 When proposing new defenses, include
 []


LaTeX Font Warning: Font shape `TU/ptm/b/n' undefined
(Font)              using `TU/ptm/bx/n' instead on input line 1813.


Underfull \hbox (badness 10000) in paragraph at lines 1813--1815
 \TU/ptm/m/sc/10 3) Perturbation Analysis: [][][] Perceptibility
 []


LaTeX Font Warning: Font shape `TU/ptm/b/n' undefined
(Font)              using `TU/ptm/bx/n' instead on input line 1820.


Underfull \vbox (badness 2103) has occurred while \output is active []




LaTeX Font Warning: Font shape `TU/ptm/b/n' undefined
(Font)              using `TU/ptm/bx/n' instead on input line 1850.


LaTeX Font Warning: Font shape `TU/ptm/b/n' undefined
(Font)              using `TU/ptm/bx/n' instead on input line 1857.


LaTeX Font Warning: Font shape `TU/ptm/b/n' undefined
(Font)              using `TU/ptm/bx/n' instead on input line 1864.


LaTeX Font Warning: Font shape `TU/ptm/b/n' undefined
(Font)              using `TU/ptm/bx/n' instead on input line 1874.


LaTeX Font Warning: Font shape `TU/ptm/b/n' undefined
(Font)              using `TU/ptm/bx/n' instead on input line 1877.


LaTeX Font Warning: Font shape `TU/ptm/b/n' undefined
(Font)              using `TU/ptm/bx/n' instead on input line 1877.


LaTeX Font Warning: Font shape `TU/ptm/b/n' undefined
(Font)              using `TU/ptm/bx/n' instead on input line 1877.


LaTeX Font Warning: Font shape `TU/ptm/b/n' undefined
(Font)              using `TU/ptm/bx/n' instead on input line 1877.


LaTeX Font Warning: Font shape `TU/ptm/b/n' undefined
(Font)              using `TU/ptm/bx/n' instead on input line 1879.


LaTeX Font Warning: Font shape `TU/ptm/b/n' undefined
(Font)              using `TU/ptm/bx/n' instead on input line 1880.


LaTeX Font Warning: Font shape `TU/ptm/b/n' undefined
(Font)              using `TU/ptm/bx/n' instead on input line 1880.


LaTeX Font Warning: Font shape `TU/ptm/b/n' undefined
(Font)              using `TU/ptm/bx/n' instead on input line 1881.


LaTeX Font Warning: Font shape `TU/ptm/b/n' undefined
(Font)              using `TU/ptm/bx/n' instead on input line 1881.


Underfull \hbox (badness 10000) in paragraph at lines 1882--1883
[] \TU/ptm/m/sc/10 Generate adversarial examples:
 []


LaTeX Font Warning: Font shape `TU/ptm/b/n' undefined
(Font)              using `TU/ptm/bx/n' instead on input line 1885.


LaTeX Font Warning: Font shape `TU/ptm/b/n' undefined
(Font)              using `TU/ptm/bx/n' instead on input line 1885.


LaTeX Font Warning: Font shape `TU/ptm/b/n' undefined
(Font)              using `TU/ptm/bx/n' instead on input line 1886.


LaTeX Font Warning: Font shape `TU/ptm/b/n' undefined
(Font)              using `TU/ptm/bx/n' instead on input line 1886.


LaTeX Font Warning: Font shape `TU/ptm/b/n' undefined
(Font)              using `TU/ptm/bx/n' instead on input line 1890.



[21]

LaTeX Font Warning: Font shape `TU/ptm/b/n' undefined
(Font)              using `TU/ptm/bx/n' instead on input line 1892.


LaTeX Font Warning: Font shape `TU/ptm/b/n' undefined
(Font)              using `TU/ptm/bx/n' instead on input line 1893.


LaTeX Font Warning: Font shape `TU/ptm/b/n' undefined
(Font)              using `TU/ptm/bx/n' instead on input line 1894.


LaTeX Font Warning: Font shape `TU/ptm/b/n' undefined
(Font)              using `TU/ptm/bx/n' instead on input line 1895.


LaTeX Font Warning: Font shape `TU/ptm/b/n' undefined
(Font)              using `TU/ptm/bx/n' instead on input line 1898.


LaTeX Font Warning: Font shape `TU/ptm/b/n' undefined
(Font)              using `TU/ptm/bx/n' instead on input line 1906.


Overfull \hbox (232.16975pt too wide) in paragraph at lines 1922--1933
 [][] 
 []




LaTeX Font Warning: Font shape `TU/ptm/b/n' undefined
(Font)              using `TU/ptm/bx/n' instead on input line 1938.


Underfull \hbox (badness 2285) in paragraph at lines 1941--1942
[]\TU/ptm/m/sc/10 Robust accuracy improves dramatically
 []


LaTeX Font Warning: Font shape `TU/ptm/b/n' undefined
(Font)              using `TU/ptm/bx/n' instead on input line 1949.


LaTeX Font Warning: Font shape `TU/ptm/b/n' undefined
(Font)              using `TU/ptm/bx/n' instead on input line 1956.


Underfull \hbox (badness 1661) in paragraph at lines 1960--1961
[]\TU/ptm/m/sc/10 Multi-stage training: Marginal improve-
 []


LaTeX Font Warning: Font shape `TU/ptm/b/n' undefined
(Font)              using `TU/ptm/bx/n' instead on input line 1966.


LaTeX Font Warning: Font shape `TU/ptm/b/n' undefined
(Font)              using `TU/ptm/bx/n' instead on input line 1977.


Underfull \hbox (badness 10000) in paragraph at lines 1979--1980
[]\TU/ptm/m/sc/10 Perturbations concentrate on high-
 []



[22]
File: ../codes/pictures/q4_adversarial_examples_example.png Graphic file (type 
bmp)
<../codes/pictures/q4_adversarial_examples_example.png>

Overfull \hbox (120.62181pt too wide) in paragraph at lines 1998--2017
 [][] 
 []


LaTeX Font Warning: Font shape `TU/ptm/b/n' undefined
(Font)              using `TU/ptm/bx/n' instead on input line 2022.


LaTeX Font Warning: Font shape `TU/ptm/b/n' undefined
(Font)              using `TU/ptm/bx/n' instead on input line 2024.


LaTeX Font Warning: Font shape `TU/ptm/b/n' undefined
(Font)              using `TU/ptm/bx/n' instead on input line 2025.




LaTeX Font Warning: Font shape `TU/ptm/b/n' undefined
(Font)              using `TU/ptm/bx/n' instead on input line 2026.


LaTeX Font Warning: Font shape `TU/ptm/b/n' undefined
(Font)              using `TU/ptm/bx/n' instead on input line 2027.


LaTeX Font Warning: Font shape `TU/ptm/b/n' undefined
(Font)              using `TU/ptm/bx/n' instead on input line 2030.


LaTeX Font Warning: Font shape `TU/ptm/b/n' undefined
(Font)              using `TU/ptm/bx/n' instead on input line 2032.


LaTeX Font Warning: Font shape `TU/ptm/b/n' undefined
(Font)              using `TU/ptm/bx/n' instead on input line 2033.


LaTeX Font Warning: Font shape `TU/ptm/b/n' undefined
(Font)              using `TU/ptm/bx/n' instead on input line 2034.


LaTeX Font Warning: Font shape `TU/ptm/b/n' undefined
(Font)              using `TU/ptm/bx/n' instead on input line 2035.


Underfull \hbox (badness 3471) in paragraph at lines 2035--2036
[]\TU/ptm/m/sc/10 Black-box Defenses: Protection against
 []


Overfull \hbox (79.57376pt too wide) in paragraph at lines 2051--2060
 [][] 
 []



[23]
Underfull \hbox (badness 4505) in paragraph at lines 2158--2159
\TU/ptm/m/sc/10 stronger decoders (Transformer-based), use
 []




Overfull \hbox (61.33374pt too wide) in paragraph at lines 2168--2184
 [][] 
 []


LaTeX Font Warning: Font shape `TU/ptm/b/n' undefined
(Font)              using `TU/ptm/bx/n' instead on input line 2199.


LaTeX Font Warning: Font shape `TU/ptm/b/n' undefined
(Font)              using `TU/ptm/bx/n' instead on input line 2199.


LaTeX Font Warning: Font shape `TU/ptm/b/n' undefined
(Font)              using `TU/ptm/bx/n' instead on input line 2199.


LaTeX Font Warning: Font shape `TU/ptm/b/n' undefined
(Font)              using `TU/ptm/bx/n' instead on input line 2199.


LaTeX Font Warning: Font shape `TU/ptm/b/n' undefined
(Font)              using `TU/ptm/bx/n' instead on input line 2203.


LaTeX Font Warning: Font shape `TU/ptm/b/n' undefined
(Font)              using `TU/ptm/bx/n' instead on input line 2203.


LaTeX Font Warning: Font shape `TU/ptm/b/n' undefined
(Font)              using `TU/ptm/bx/n' instead on input line 2206.


LaTeX Font Warning: Font shape `TU/ptm/b/n' undefined
(Font)              using `TU/ptm/bx/n' instead on input line 2206.



[24]

LaTeX Font Warning: Font shape `TU/ptm/b/n' undefined
(Font)              using `TU/ptm/bx/n' instead on input line 2214.


LaTeX Font Warning: Font shape `TU/ptm/b/n' undefined
(Font)              using `TU/ptm/bx/n' instead on input line 2222.


LaTeX Font Warning: Font shape `TU/ptm/b/n' undefined
(Font)              using `TU/ptm/bx/n' instead on input line 2228.


LaTeX Font Warning: Font shape `TU/ptm/b/n' undefined
(Font)              using `TU/ptm/bx/n' instead on input line 2230.




LaTeX Font Warning: Font shape `TU/ptm/b/n' undefined
(Font)              using `TU/ptm/bx/n' instead on input line 2254.


LaTeX Font Warning: Font shape `TU/ptm/b/n' undefined
(Font)              using `TU/ptm/bx/n' instead on input line 2256.


LaTeX Font Warning: Font shape `TU/ptm/b/n' undefined
(Font)              using `TU/ptm/bx/n' instead on input line 2267.


LaTeX Font Warning: Font shape `TU/ptm/b/n' undefined
(Font)              using `TU/ptm/bx/n' instead on input line 2267.


LaTeX Font Warning: Font shape `TU/ptm/b/n' undefined
(Font)              using `TU/ptm/bx/n' instead on input line 2267.


LaTeX Font Warning: Font shape `TU/ptm/b/n' undefined
(Font)              using `TU/ptm/bx/n' instead on input line 2267.


LaTeX Font Warning: Font shape `TU/ptm/b/n' undefined
(Font)              using `TU/ptm/bx/n' instead on input line 2270.


LaTeX Font Warning: Font shape `TU/ptm/b/n' undefined
(Font)              using `TU/ptm/bx/n' instead on input line 2270.


LaTeX Font Warning: Font shape `TU/ptm/b/n' undefined
(Font)              using `TU/ptm/bx/n' instead on input line 2275.


LaTeX Font Warning: Font shape `TU/ptm/b/n' undefined
(Font)              using `TU/ptm/bx/n' instead on input line 2275.



[25]


LaTeX Font Warning: Font shape `TU/ptm/b/n' undefined
(Font)              using `TU/ptm/bx/n' instead on input line 2304.


LaTeX Font Warning: Font shape `TU/ptm/b/n' undefined
(Font)              using `TU/ptm/bx/n' instead on input line 2310.


LaTeX Font Warning: Font shape `TU/ptm/b/n' undefined
(Font)              using `TU/ptm/bx/n' instead on input line 2313.


LaTeX Font Warning: Font shape `TU/ptm/b/n' undefined
(Font)              using `TU/ptm/bx/n' instead on input line 2313.


LaTeX Font Warning: Font shape `TU/ptm/b/n' undefined
(Font)              using `TU/ptm/bx/n' instead on input line 2316.


LaTeX Font Warning: Font shape `TU/ptm/b/n' undefined
(Font)              using `TU/ptm/bx/n' instead on input line 2316.


Underfull \hbox (badness 10000) in paragraph at lines 2331--2332
[]\TU/ptm/m/sc/10 Contrastive temperature $\OML/cmm/m/it/10 ^^T$ \TU/ptm/m/sc/1
0 used in
 []



[26]
Underfull \hbox (badness 10000) in paragraph at lines 2333--2334
[]\TU/ptm/m/sc/10 SpecAugment parameters (for mel-
 []


Underfull \hbox (badness 10000) in paragraph at lines 2339--2340
[]\TU/ptm/m/sc/10 Image (captioning/CLIP): Ran-
 []


Underfull \hbox (badness 10000) in paragraph at lines 2339--2340
\TU/ptm/m/sc/10 domResizedCrop(scale=(0.08,1.0),
 []


Underfull \hbox (badness 10000) in paragraph at lines 2339--2340
\TU/ptm/m/sc/10 ratio=(3/4,4/3)), RandomHor-
 []


Underfull \hbox (badness 10000) in paragraph at lines 2339--2340
\TU/ptm/m/sc/10 izontalFlip(p=0.5), ColorJit-
 []


Overfull \hbox (63.8777pt too wide) in paragraph at lines 2339--2340
\TU/ptm/m/sc/10 ter(brightness=0.4,contrast=0.4,saturation=0.4,hue=0.1). 
 []


Underfull \hbox (badness 10000) in paragraph at lines 2346--2347
\TU/ptm/m/sc/10 training: ‘codes/q1_-image_-captioning/-
 []


Underfull \hbox (badness 10000) in paragraph at lines 2346--2347
\TU/ptm/m/sc/10 train.py‘, ‘codes/q1_-image_-captioning/-
 []


Underfull \hbox (badness 10000) in paragraph at lines 2347--2348
[]\TU/ptm/m/sc/10 CLIP-style training and retrieval:
 []


Underfull \hbox (badness 10000) in paragraph at lines 2347--2348
\TU/ptm/m/sc/10 ‘codes/q1_-clip/train.py‘, ‘codes/q1_-
 []


Underfull \hbox (badness 10000) in paragraph at lines 2348--2349
[]\TU/ptm/m/sc/10 Wav2Vec experiments and wrappers:
 []


Underfull \hbox (badness 10000) in paragraph at lines 2348--2349
\TU/ptm/m/sc/10 ‘codes/q2_-urban_-sound/wav2vec_-fine-
 []


Underfull \hbox (badness 10000) in paragraph at lines 2349--2350
[]\TU/ptm/m/sc/10 LoRA adapters and injection
 []


Underfull \hbox (badness 10000) in paragraph at lines 2349--2350
\TU/ptm/m/sc/10 utilities: ‘codes/q3_-lora/lora_-layer.py‘,
 []


Underfull \hbox (badness 10000) in paragraph at lines 2350--2351
[]\TU/ptm/m/sc/10 Adversarial attacks and training:
 []


Underfull \hbox (badness 10000) in paragraph at lines 2350--2351
\TU/ptm/m/sc/10 PGD), ‘codes/q4_-adversarial/train_-
 []



(./report.bbl)

** Conference Paper **
Before submitting the final camera ready copy, remember to:

 1. Manually equalize the lengths of two columns on the last page
 of your paper;

 2. Ensure that any PostScript and/or PDF output post-processing
 uses only Type 1 fonts and that every step in the generation
 process uses the appropriate paper size.



[27] (./report.aux)
 ***********
LaTeX2e <2024-11-01> patch level 2
L3 programming layer <2025-01-18>
 ***********


LaTeX Font Warning: Some font shapes were not available, defaults substituted.


LaTeX Warning: There were multiply-defined labels.

Package rerunfilecheck Info: File `report.out' has not changed.
(rerunfilecheck)             Checksum: CDDE6A7CB28B5E251E2459B9EAD79357;31788.
 ) 
Here is how much of TeX's memory you used:
 40251 strings out of 473832
 959391 string characters out of 5719382
 1755292 words of memory out of 5000000
 62730 multiletter control sequences out of 15000+600000
 565624 words of font info for 72 fonts, out of 8000000 for 9000
 1348 hyphenation exceptions out of 8191
 84i,16n,93p,799b,2275s stack positions out of 10000i,1000n,20000p,200000b,200000s

Output written on report.xdv (27 pages, 853248 bytes).
